site,wildtype,AAA,AAC,AAG,AAT,ACA,ACC,ACG,ACT,AGA,AGC,AGG,AGT,ATA,ATC,ATG,ATT,CAA,CAC,CAG,CAT,CCA,CCC,CCG,CCT,CGA,CGC,CGG,CGT,CTA,CTC,CTG,CTT,GAA,GAC,GAG,GAT,GCA,GCC,GCG,GCT,GGA,GGC,GGG,GGT,GTA,GTC,GTG,GTT,TAA,TAC,TAG,TAT,TCA,TCC,TCG,TCT,TGA,TGC,TGG,TGT,TTA,TTC,TTG,TTT
31,GCA,22,9,5,9,313,22,6,7,17,7,2,0,4,15,5,7,14,10,3,17,14,10,3,5,7,16,8,0,0,2,4,1,51,5,12,11,268382,13,36,10,16,8,5,3,70,8,2,4,2,9,1,10,48,8,16,16,7,1,2,1,13,0,2,3
32,GAA,71,12,4,10,22,12,3,12,9,3,0,0,3,10,4,6,25,7,5,2,11,5,5,3,10,2,3,12,9,8,2,1,269454,20,11,4,24,9,10,6,8,15,10,5,14,4,4,7,7,0,0,0,16,12,2,13,1,7,0,3,2,3,1,2
33,AAC,45,269284,22,44,13,20,4,14,5,17,2,6,7,16,6,14,7,25,3,15,8,14,6,9,6,1,2,3,8,6,4,4,5,15,10,9,7,8,5,5,6,8,5,5,3,11,4,6,2,22,3,11,13,9,7,1,4,4,6,10,12,12,13,3
34,TTG,2,5,7,8,4,3,5,4,4,3,2,6,7,6,30,6,5,6,10,7,5,3,1,3,2,5,2,0,3,7,28,3,6,2,10,3,5,2,0,4,6,2,2,2,1,6,9,2,0,2,2,21,4,7,76,7,1,0,12,4,59,14,269478,23
35,TGG,0,0,0,2,0,0,0,0,0,0,0,3,0,1,2,0,0,0,0,1,0,1,0,1,0,0,19,0,0,1,0,3,0,0,0,0,0,0,0,0,0,0,2,0,0,0,0,2,2,12,52,3,0,1,0,0,42,1,269528,10,0,8,15,6
36,GTC,0,2,0,0,6,0,9,1,0,0,0,0,12,147,0,5,2,0,0,0,1,0,0,0,0,0,0,1,0,1,0,1,1,7,0,2,6,92,4,4,0,1,0,1,41,269036,14,79,0,0,0,0,2,0,3,0,3,3,0,5,5,6,0,0
37,ACT,0,5,1,23,36,70,9,269451,1,4,0,8,1,1,3,59,0,0,0,3,0,2,0,3,0,1,0,0,0,0,0,1,0,0,0,1,5,8,4,34,1,0,6,0,1,4,2,1,2,0,0,0,22,6,8,15,2,2,1,0,0,1,0,3
38,GTC,0,0,0,1,0,3,0,0,1,2,0,0,16,181,0,4,0,0,0,2,2,1,0,0,0,0,0,0,1,11,0,4,1,8,0,0,3,13,1,3,0,0,0,0,56,268706,15,27,2,0,0,0,0,1,0,1,1,2,0,0,0,9,1,0
39,TAC,1,9,0,1,0,0,0,0,0,0,0,0,2,1,2,3,0,37,0,12,0,0,4,1,4,1,0,0,5,8,2,7,1,3,1,2,1,0,2,4,0,1,0,0,2,4,0,1,28,269478,5,55,1,0,1,0,7,6,2,2,10,1,9,16
40,TAT,0,3,0,16,0,0,0,0,0,0,0,1,0,3,3,0,0,3,1,41,0,4,0,0,0,0,0,0,0,3,0,2,0,0,0,1,0,0,0,0,4,0,0,0,2,0,0,3,7,20,6,269649,0,3,1,1,0,0,3,12,2,9,3,16
41,GGG,1,2,2,0,1,0,0,3,0,0,57,0,0,0,0,0,3,0,0,0,0,3,0,3,2,0,2,1,0,2,1,0,0,0,54,0,2,5,10,5,81,11,269381,33,0,1,14,0,0,0,0,0,0,4,0,0,3,0,12,0,0,1,0,1
42,GTA,0,0,0,0,3,2,2,1,0,0,0,0,189,2,0,7,0,1,0,3,3,4,0,0,1,3,0,0,8,1,0,0,7,0,1,0,46,1,0,0,0,1,0,0,269288,5,48,11,0,0,0,2,0,0,0,0,1,0,0,8,9,0,0,0
43,CCT,1,0,0,0,3,0,0,7,0,0,0,2,0,0,1,0,2,0,0,24,47,277,43,269101,0,0,0,1,0,0,0,29,0,0,0,0,0,0,0,5,0,1,1,0,0,0,0,1,8,1,1,0,0,0,0,68,0,0,0,0,2,0,0,4
44,GTG,14,14,9,6,6,0,3,1,4,9,0,5,20,4,72,10,4,1,1,0,0,0,0,0,1,1,0,2,0,2,10,6,0,0,3,0,3,7,17,7,0,0,1,2,83,4,269145,31,0,1,2,0,8,6,6,3,3,2,0,1,3,0,13,0
45,TGG,1,0,0,2,0,0,0,0,0,2,4,0,0,1,1,0,5,3,0,0,0,1,0,1,0,0,17,0,0,0,2,0,0,0,0,0,0,0,1,0,1,0,2,2,0,0,2,0,5,8,50,11,2,0,0,0,54,5,269338,8,0,13,11,15
46,AAA,268791,14,55,27,13,5,3,6,64,6,14,2,17,4,6,11,9,7,1,4,0,0,0,1,7,1,9,0,1,3,0,1,106,1,4,4,5,2,1,9,5,0,0,3,6,6,7,6,8,1,3,7,5,10,0,1,0,1,2,1,4,5,1,1
47,GAC,8,110,2,9,3,13,0,8,1,4,1,7,2,5,2,2,3,1,2,2,7,8,6,4,0,0,0,2,4,2,6,0,53,269155,17,92,3,13,9,2,3,25,12,3,0,2,2,2,1,24,2,8,0,9,6,4,2,2,2,0,1,2,0,1
48,GCA,5,0,2,0,347,7,10,7,0,7,2,2,2,3,1,2,5,0,3,2,1,2,1,0,0,0,0,4,0,6,1,2,21,7,2,1,267960,30,281,17,6,6,3,7,94,6,5,5,1,0,1,3,38,9,9,4,1,1,2,4,3,5,4,2
49,GAG,10,8,85,6,7,6,8,6,7,7,4,2,7,8,17,19,10,4,18,16,13,3,8,22,8,13,9,7,5,11,9,2,81,21,268882,69,4,17,7,12,2,1,77,2,13,7,46,15,1,14,13,21,15,6,3,2,0,1,7,5,12,10,7,9
50,ACC,2,14,2,0,26,268305,6,85,0,5,0,7,8,35,1,2,0,0,0,0,12,12,4,7,0,0,1,0,2,2,1,6,1,3,0,2,7,32,5,6,1,3,0,1,5,6,2,6,1,2,0,1,10,8,6,3,1,2,2,6,0,3,3,1
51,ACC,2,19,2,1,55,269128,14,35,0,8,1,14,2,51,3,16,6,4,0,4,5,9,3,6,0,3,1,3,5,5,5,5,2,4,2,4,0,13,2,3,0,7,2,0,7,4,4,3,2,3,0,4,3,6,11,2,2,0,7,1,3,2,2,4
52,TTA,0,0,0,1,5,4,0,2,0,0,0,0,11,2,8,0,1,1,0,0,0,1,3,0,0,0,0,0,95,4,10,2,0,1,0,0,3,0,1,0,3,0,0,1,13,4,2,4,7,0,1,0,15,1,1,0,4,2,0,1,269606,0,23,7
53,TTT,0,0,1,3,1,0,0,0,0,3,0,1,8,1,8,45,1,4,0,5,0,4,1,4,0,0,0,0,9,4,0,14,3,0,3,1,0,1,0,0,0,0,0,0,1,3,0,9,1,8,0,23,0,6,1,7,0,0,4,1,38,22,3,269689
54,TGT,2,0,0,0,1,0,0,0,0,0,0,10,2,0,0,2,0,0,0,0,3,0,0,0,0,0,0,10,1,1,0,0,0,0,0,0,0,0,0,0,0,1,0,4,0,0,0,2,3,0,2,50,1,1,0,0,2,44,1,269538,0,0,0,4
55,GCA,5,0,0,0,269,4,1,0,0,8,0,0,11,8,1,5,1,1,0,3,0,3,1,0,0,0,0,0,2,0,1,0,14,0,0,0,267946,11,20,11,5,0,4,0,448,1,8,5,1,0,0,2,15,1,1,0,1,0,4,0,1,1,0,1
56,TCA,0,6,1,2,25,8,16,20,1,5,1,1,2,5,2,4,3,13,0,5,18,0,0,0,0,0,0,0,1,2,0,0,0,1,1,0,6,5,1,8,1,0,2,0,0,5,0,1,16,3,0,0,269119,24,147,14,1,10,3,4,32,0,2,0
57,GAT,13,6,5,61,6,5,12,4,6,5,7,0,11,6,5,6,6,8,5,3,5,4,6,1,11,2,4,5,6,3,6,3,6,15,3,268900,0,11,4,4,2,4,9,9,5,4,0,5,0,2,0,32,1,1,0,2,2,2,5,0,0,4,1,3
58,GCT,0,7,0,0,4,7,3,182,0,0,0,1,1,1,7,2,5,0,2,1,10,8,2,7,1,2,3,3,0,1,2,0,1,0,0,13,0,41,0,269017,2,1,3,4,1,8,0,50,0,2,0,1,1,6,2,24,1,0,4,2,0,6,2,12
59,AAA,269523,1,39,31,2,0,0,0,23,0,0,0,9,0,0,0,1,0,0,0,0,0,0,2,0,0,0,1,0,0,0,2,23,0,0,0,0,0,0,0,0,0,1,0,0,0,0,0,1,0,0,0,0,1,1,1,0,0,0,2,0,0,0,1
60,GCA,1,19,1,7,158,10,5,7,0,10,0,4,1,8,2,4,6,7,11,11,18,11,1,9,2,0,1,2,13,11,0,4,12,0,0,0,268946,10,20,10,8,3,0,8,150,5,10,7,0,9,0,6,31,5,9,2,0,1,0,0,8,11,2,8
61,TAT,0,0,2,8,10,3,4,0,0,6,0,6,5,5,4,0,13,10,4,43,3,6,4,1,2,1,2,1,2,2,3,9,0,0,3,1,3,2,5,0,1,1,3,1,3,2,3,7,6,19,5,269264,0,0,1,1,0,0,2,37,5,3,7,7
62,GAG,17,10,45,9,12,5,8,6,7,1,9,1,1,3,3,2,0,2,5,8,0,5,5,0,2,7,3,1,8,2,0,3,55,6,269136,48,3,2,9,5,3,0,95,2,7,6,9,4,0,4,4,2,2,4,2,5,0,4,0,5,3,1,5,0
63,ACA,49,14,5,3,268356,15,68,4,9,1,0,2,57,4,3,2,8,9,6,3,14,15,6,11,5,5,1,4,0,3,2,5,3,8,0,0,54,1,3,2,0,1,2,4,1,1,0,1,0,2,0,3,9,7,9,5,2,1,6,0,1,0,2,1
64,GAA,60,19,1,5,6,4,4,0,0,1,1,3,1,0,1,1,0,2,7,0,3,1,1,0,3,0,0,0,0,0,0,0,269192,7,20,12,1,0,0,3,31,0,5,9,1,0,0,0,11,0,0,0,7,6,0,2,1,0,0,0,1,0,0,0
65,AAG,128,14,269151,53,8,3,9,0,1,5,35,0,10,0,9,4,8,11,8,5,1,6,2,4,6,3,3,6,0,2,4,4,0,8,13,2,1,1,2,0,0,3,3,1,2,3,2,2,1,5,2,2,1,1,4,0,0,0,2,0,3,5,5,1
66,CAT,1,4,0,53,6,1,1,6,0,0,0,5,9,1,0,1,12,17,7,269441,0,2,0,1,0,0,0,5,2,3,1,5,0,0,1,0,3,6,3,2,3,5,0,3,0,3,1,0,0,4,0,93,6,11,1,1,0,0,4,0,0,5,0,1
67,AAT,11,9,5,269712,6,5,4,9,0,2,2,32,2,0,0,0,2,1,4,2,0,0,0,0,1,0,0,2,3,0,1,1,0,1,0,66,0,0,1,0,3,3,1,2,6,4,3,1,0,2,0,1,1,3,2,0,1,1,2,5,0,0,0,9
68,GTC,4,7,0,0,3,5,3,2,0,3,0,0,6,89,0,2,1,0,1,0,2,6,0,1,1,0,0,0,3,4,0,7,1,8,1,1,7,19,1,3,1,6,3,1,35,268425,7,28,1,4,0,6,1,0,0,1,0,3,1,0,0,52,3,1
69,TGG,0,0,1,0,0,0,0,0,5,0,26,1,4,10,5,3,1,0,0,0,2,0,0,0,0,8,46,1,2,0,2,0,3,0,2,0,7,14,4,7,3,0,4,0,2,1,5,2,1,0,46,0,0,0,0,0,56,1,269227,10,0,2,8,4
70,GCT,9,5,3,6,4,5,0,157,0,3,0,0,5,7,1,0,5,4,3,5,1,0,1,2,0,0,0,0,4,3,0,7,1,1,4,6,17,56,13,268835,3,4,6,1,1,0,3,85,0,0,0,0,5,9,0,23,0,4,0,0,0,2,5,1
71,ACA,18,10,2,2,268392,15,39,10,7,0,1,0,114,5,1,0,7,4,3,0,1,1,0,0,3,1,1,4,0,4,0,1,3,0,1,1,16,3,2,6,0,2,0,4,2,1,6,3,2,0,2,0,4,2,2,2,1,2,1,0,3,4,1,0
72,CAT,2,2,1,29,1,3,3,1,0,3,1,1,0,4,0,0,18,30,4,269466,4,3,3,0,10,4,0,25,1,2,0,2,0,1,2,4,5,2,1,1,0,1,6,0,0,1,0,1,0,1,0,111,4,0,3,0,0,4,0,0,1,1,1,1
73,GCC,0,0,0,0,0,136,0,0,0,0,0,0,0,1,0,0,0,0,0,0,0,1,0,0,0,0,0,0,0,0,0,0,0,5,0,0,73,268312,3,43,0,4,0,0,0,114,0,0,0,0,0,0,0,23,0,0,0,0,0,0,0,0,0,0
74,TGT,0,0,0,0,0,0,0,0,0,1,0,35,0,0,0,0,0,0,0,0,4,1,0,0,4,0,0,151,0,0,0,1,0,0,0,0,0,0,1,0,4,1,0,21,0,0,0,0,1,0,0,123,0,0,3,2,2,45,2,268434,0,0,0,1
75,GTA,2,2,0,3,6,5,2,1,1,4,0,3,180,2,5,20,5,1,1,1,12,14,5,7,3,2,0,1,15,1,2,3,5,0,2,0,29,2,0,0,1,0,0,0,268007,9,75,4,0,2,0,5,10,2,0,0,0,0,2,0,27,2,3,1
76,CCC,0,0,1,0,0,5,0,3,2,0,0,2,0,1,8,0,0,17,1,0,49,268761,20,41,5,2,2,0,8,48,4,7,0,1,0,0,7,8,5,1,4,1,1,2,3,0,0,0,0,3,0,2,2,121,4,1,0,0,0,0,6,0,4,0
77,ACA,25,14,11,10,267516,80,460,48,4,11,2,3,115,5,5,10,14,22,7,10,10,19,8,9,9,5,1,4,9,16,0,10,4,10,7,4,43,9,15,10,9,4,0,3,17,19,2,6,3,7,0,7,22,16,4,2,3,9,4,1,8,14,4,9
78,GAC,3,83,1,4,5,4,1,0,0,10,3,1,2,6,4,0,5,10,0,1,0,5,2,0,0,3,0,1,1,1,1,1,38,268148,9,92,1,2,3,2,5,53,6,0,0,5,1,3,0,65,0,0,1,8,5,2,0,7,0,0,0,0,0,2
79,CCC,0,0,0,1,1,73,0,0,1,2,1,0,3,1,2,0,2,43,2,3,68,268871,1,33,2,0,1,0,4,42,0,7,1,0,5,2,0,13,4,3,0,1,0,0,1,0,0,2,0,2,0,0,2,67,1,5,0,3,0,0,0,0,2,3
80,AAC,48,267364,23,148,10,44,4,18,3,64,6,6,10,18,6,8,8,12,12,8,1,0,0,0,0,6,3,2,3,8,6,5,8,64,7,4,14,7,7,3,4,5,2,2,7,5,1,1,0,17,4,11,8,5,9,2,0,6,3,2,5,9,2,10
81,CCA,1,3,5,1,43,15,8,5,1,6,1,3,9,4,5,6,54,44,6,3,267582,12,18,9,14,4,2,1,31,3,6,4,10,10,5,5,20,3,5,3,5,2,3,5,8,3,5,3,3,17,0,2,48,4,9,10,1,7,0,0,7,6,0,4
82,CAA,26,3,2,2,12,5,7,11,6,2,8,10,3,7,0,3,269240,20,44,11,6,5,1,6,103,9,18,6,7,10,8,14,14,3,12,4,9,3,4,6,3,5,1,3,7,10,2,3,18,12,0,1,20,3,5,9,8,3,1,1,9,3,3,3
83,GAA,45,2,1,0,3,0,6,2,1,2,0,2,4,1,3,0,14,1,0,0,2,5,0,2,0,0,0,0,1,1,0,0,269584,23,18,20,2,3,2,2,9,0,5,2,4,1,1,0,13,0,0,0,4,8,1,3,2,0,0,0,1,0,1,2
84,ATA,23,12,8,7,23,4,6,12,6,6,2,8,267908,8,112,15,10,2,5,7,0,0,0,0,5,0,1,4,16,1,9,2,6,3,0,1,2,9,1,2,2,1,0,8,32,8,0,9,8,7,3,6,1,6,1,0,1,5,6,4,23,4,1,1
85,CAT,11,3,3,29,153,7,5,8,5,4,2,1,8,3,3,20,12,22,6,262058,8,4,2,5,9,1,2,24,6,8,1,12,3,4,2,2,4,3,2,4,1,1,0,6,10,2,1,8,1,0,0,50,10,7,4,2,3,5,0,2,1,0,4,8
86,TTG,1,3,0,6,8,1,2,6,3,0,0,3,7,6,29,4,4,1,1,0,0,0,2,0,0,0,0,0,8,4,18,5,1,0,0,2,0,3,6,3,0,0,0,0,4,3,3,10,1,2,3,1,0,2,13,4,2,1,18,1,58,8,264277,161
87,GAA,76,5,4,8,1,0,0,0,8,4,6,4,8,5,10,3,7,12,3,3,7,5,1,3,7,10,3,1,2,9,5,4,266583,15,20,10,18,4,5,5,184,4,8,1,17,1,11,9,10,8,1,6,8,7,9,2,0,6,6,0,4,4,2,11
88,AAT,23,14,10,265830,2,5,2,5,6,2,3,25,1,2,5,6,2,8,3,6,0,1,1,0,2,12,3,3,5,1,1,2,4,10,1,20,9,2,3,7,3,2,3,5,1,0,0,0,0,2,4,6,0,1,2,10,0,0,2,0,0,0,0,9
89,GTG,1,0,0,0,6,4,8,5,0,0,1,1,4,7,55,4,0,1,0,2,0,1,0,0,2,0,1,0,0,2,4,1,0,1,0,0,2,0,9,2,3,0,3,0,53,5,266390,58,3,4,0,1,0,0,1,0,1,1,1,2,5,3,15,0
90,ACT,8,5,5,50,14,38,6,266633,1,4,0,5,8,3,1,46,2,2,2,2,0,0,0,0,1,1,2,2,10,0,2,4,0,0,0,2,8,6,2,77,3,0,0,1,6,0,4,3,0,0,1,2,6,1,1,5,1,3,2,0,1,1,0,1
91,GAA,60,0,0,0,5,3,1,0,0,7,1,2,2,2,0,1,4,1,0,0,0,1,0,0,0,0,0,0,1,1,0,0,266168,10,46,15,2,2,0,5,27,4,0,0,8,6,7,2,21,3,2,4,3,1,0,1,0,1,0,0,3,0,4,0
92,GAG,3,5,38,0,0,0,2,6,1,2,1,0,0,3,4,1,0,1,2,3,1,5,1,1,0,0,0,0,2,0,9,2,93,5,267601,54,0,1,1,0,0,0,12,0,0,1,5,0,0,2,14,2,2,2,3,0,0,0,0,0,4,10,3,1
93,TTT,0,0,0,1,0,1,0,2,0,1,0,0,1,0,1,2,0,0,0,3,0,2,0,0,0,2,0,0,0,1,0,18,0,0,0,0,0,0,0,0,0,0,0,0,0,0,0,1,6,1,5,30,0,2,0,10,0,0,6,2,9,26,1,268527
94,AAC,25,267116,2,48,0,5,1,7,0,99,2,0,0,3,9,0,16,3,4,5,0,1,0,0,0,8,6,0,1,1,0,0,3,45,2,2,1,7,1,1,1,1,1,2,2,0,0,0,1,10,1,1,3,3,7,4,3,6,0,2,0,8,0,4
95,ATG,2,0,4,0,5,5,25,2,1,3,2,4,107,8,266902,21,3,0,1,0,5,1,0,0,1,0,0,0,7,5,16,5,3,0,1,0,8,7,8,3,1,4,5,5,2,0,51,3,3,0,0,1,6,1,2,0,0,5,1,1,0,0,12,0
96,TGG,0,2,2,2,0,1,2,0,0,2,9,0,0,1,2,2,0,2,0,2,0,2,0,0,0,1,46,0,0,0,0,0,2,0,0,0,3,4,0,1,1,1,3,1,3,1,0,0,0,0,34,2,0,0,0,0,41,3,268008,0,1,3,7,7
97,AAA,269217,9,13,8,6,17,3,8,13,1,2,2,4,13,2,2,3,7,2,5,0,1,0,0,6,1,3,0,0,7,1,1,22,4,11,1,3,6,1,4,2,3,1,0,1,1,3,2,3,1,0,0,2,8,2,7,0,0,3,0,2,0,1,0
98,AAT,7,19,4,267991,4,2,1,0,1,3,0,20,0,0,0,117,1,1,2,5,3,0,0,0,0,2,0,1,2,4,0,5,1,3,2,11,3,1,1,0,1,3,3,0,0,0,0,1,1,0,0,5,2,5,1,9,0,1,0,0,9,0,2,0
99,AAC,23,268428,3,59,13,16,1,1,7,62,6,2,0,7,0,0,5,0,2,2,4,2,6,11,12,5,2,5,3,1,0,3,5,94,2,8,5,19,7,4,3,11,2,3,3,8,2,2,1,2,0,5,4,2,1,4,0,1,1,1,10,2,6,2
100,ATG,3,0,1,0,0,0,9,2,0,0,2,0,58,2,267875,28,0,0,0,0,2,1,0,1,0,1,0,0,6,6,3,4,0,0,0,1,1,1,2,2,0,0,1,0,2,3,74,4,5,0,0,2,2,0,1,0,2,0,0,0,6,4,19,1
101,GTA,1,7,0,1,2,0,0,2,0,1,0,0,116,6,0,6,1,0,0,2,6,2,1,0,0,0,1,0,6,0,1,0,3,4,0,2,17,4,2,5,2,0,0,0,267566,10,72,8,1,0,0,0,0,0,0,3,1,1,0,4,10,0,0,0
102,GAG,2,7,96,4,4,3,3,3,10,0,2,3,2,1,4,2,7,4,8,7,1,1,2,1,0,1,2,6,2,0,1,1,164,11,267049,20,5,6,7,3,1,0,25,0,6,1,7,12,0,7,10,0,10,5,1,1,1,0,5,0,0,4,6,4
103,CAG,2,6,15,9,1,2,11,2,0,3,0,1,3,1,1,0,78,10,266601,28,0,1,3,2,1,5,47,2,7,1,3,1,0,6,4,1,4,4,5,2,5,4,5,3,0,1,4,3,2,1,146,6,3,1,3,1,0,1,0,0,1,1,1,0
104,ATG,0,0,5,0,4,6,11,0,0,0,1,0,212,7,262579,37,0,0,0,2,2,0,0,0,0,0,0,0,1,6,1,5,3,2,0,0,6,3,1,2,0,1,1,0,4,0,12,3,0,4,2,1,1,0,3,1,2,1,2,0,6,0,1,0
105,CAT,11,6,1,35,6,2,0,0,0,6,1,2,1,1,3,1,18,25,4,267328,0,2,0,1,1,5,0,20,2,2,3,8,5,0,1,12,1,0,4,0,1,2,0,0,2,1,0,1,0,8,0,98,3,4,1,0,2,0,0,2,2,3,3,1
106,ACA,27,8,1,1,267229,14,94,12,3,3,3,1,89,2,7,7,5,6,4,2,0,3,0,1,8,0,8,3,3,2,9,3,7,6,4,7,80,2,1,3,6,2,5,3,11,11,5,0,1,9,0,3,0,3,3,7,0,9,5,1,7,2,7,10
107,GAT,0,1,0,61,4,8,3,3,0,0,1,1,0,0,0,0,0,4,0,3,0,0,0,0,1,0,0,1,1,6,0,0,11,24,0,267653,2,1,0,1,3,3,4,9,0,0,0,7,4,0,0,6,2,0,2,3,1,0,0,0,0,0,0,0
108,ATC,0,7,3,2,18,28,9,9,0,8,1,2,33,267847,3,54,1,1,4,4,1,0,0,0,1,0,3,0,0,3,4,2,0,1,0,0,11,5,5,4,1,2,0,1,13,23,7,8,0,2,1,2,3,6,3,7,1,5,0,3,3,8,0,3
109,ATC,7,14,6,10,8,54,2,4,1,5,2,1,34,266477,16,77,10,9,3,9,1,3,2,1,5,6,2,8,12,5,8,8,5,1,4,4,1,1,1,5,2,6,1,5,7,22,8,1,2,8,5,5,3,4,3,5,2,4,2,1,9,8,0,1
110,AGT,10,3,10,83,15,23,19,15,20,27,1,267845,6,3,7,20,11,4,0,8,0,0,1,0,4,4,3,9,4,3,0,3,3,1,14,10,4,12,7,2,11,5,8,48,2,0,7,8,2,6,5,8,6,10,9,2,1,2,4,7,4,1,7,6
111,CTA,0,0,2,1,2,4,3,1,0,0,0,0,63,0,4,6,23,12,1,6,72,0,0,0,1,0,2,0,268604,4,28,6,2,3,0,0,4,2,5,2,0,0,3,0,4,0,9,7,3,0,0,0,0,1,0,0,4,7,2,1,52,0,4,0
112,TGG,0,1,1,3,5,7,4,5,0,0,6,5,0,0,6,1,7,9,12,10,3,3,0,0,4,1,17,0,2,2,0,2,0,0,1,0,6,8,11,6,0,4,6,1,10,0,3,6,8,14,45,7,6,5,6,0,60,2,268111,42,2,8,18,13
113,GAC,0,68,0,0,9,11,1,3,2,6,1,3,0,0,5,0,8,20,0,3,3,0,0,0,5,1,0,2,7,0,0,3,48,268255,22,48,11,8,3,4,15,13,2,0,0,4,0,0,0,16,4,0,4,14,10,7,4,0,0,1,0,1,0,0
114,CAA,12,0,4,6,3,6,2,2,3,1,9,2,0,1,0,3,267883,13,45,5,1,6,1,0,75,1,11,9,10,4,3,4,17,9,8,10,3,14,6,8,3,4,4,1,3,5,9,0,30,4,0,2,4,4,15,3,0,3,0,5,4,4,2,0
115,AGC,3,69,3,0,0,13,1,1,22,266373,1,49,3,14,3,2,1,2,1,2,0,2,0,0,1,21,1,1,1,1,2,2,4,0,1,1,9,5,20,3,0,52,0,5,2,4,2,2,0,1,3,1,4,9,2,0,1,19,2,0,2,5,2,4
116,CTA,2,2,0,1,4,8,0,3,1,1,0,0,18,2,1,5,3,2,2,0,70,1,1,1,2,1,2,0,268605,10,47,14,3,3,0,0,0,0,0,6,2,0,0,1,1,0,1,1,0,0,2,2,3,3,0,0,0,0,0,0,29,1,7,1
117,AAG,133,15,267526,24,8,3,19,1,8,5,59,11,6,0,6,5,14,6,19,0,4,0,1,0,3,1,3,3,15,0,4,10,18,4,53,8,7,0,8,8,5,0,9,1,5,1,8,4,1,4,7,3,8,4,13,8,0,3,5,1,9,0,17,12
118,CCA,1,0,2,0,33,7,3,13,3,5,0,5,8,3,6,1,43,2,20,3,268603,13,22,17,0,1,0,1,20,0,1,2,4,0,1,2,12,7,4,0,3,2,0,1,6,8,4,6,2,5,5,8,101,7,11,8,0,0,1,6,5,2,6,3
119,TGT,1,7,1,0,11,4,7,0,2,5,5,23,0,0,10,1,10,8,2,14,3,2,7,0,4,6,2,37,1,4,2,1,6,0,4,2,8,18,17,13,4,0,0,12,2,5,4,5,5,9,2,93,1,2,8,7,4,58,9,268511,5,3,0,14
120,GTA,8,2,3,8,13,8,4,5,4,2,3,4,154,6,2,8,10,1,1,3,2,2,0,1,2,7,7,7,17,13,12,9,15,9,18,10,32,1,4,0,5,8,6,1,268743,20,54,15,5,4,0,5,12,3,0,2,2,7,1,1,20,2,6,4
121,AAG,83,21,268454,48,4,8,8,3,5,9,31,16,5,11,14,4,6,7,11,12,5,4,7,4,12,14,2,6,5,1,11,7,4,3,21,0,2,4,3,0,2,5,2,3,6,3,8,8,2,8,11,3,12,14,10,1,3,13,2,2,3,0,1,2
122,TTA,1,0,0,0,1,0,1,0,0,0,0,0,6,2,1,5,0,0,1,0,4,1,0,0,0,0,0,0,42,16,2,3,2,2,0,1,2,2,0,2,0,0,0,0,1,2,1,4,6,1,0,1,23,0,0,0,2,0,0,0,268812,1,45,5
123,ACC,8,35,4,4,34,267734,3,71,3,14,2,4,4,78,2,4,3,6,3,6,2,2,1,5,6,2,7,0,0,2,2,0,6,5,2,1,9,57,3,9,1,2,1,2,0,0,0,0,0,13,6,0,4,18,0,6,3,7,2,1,0,1,0,1
124,CCT,2,5,1,3,5,2,1,31,6,5,0,7,4,0,5,0,9,3,2,26,15,109,7,266223,4,0,3,4,3,3,4,37,3,7,2,6,0,0,0,0,1,2,3,5,1,3,0,2,1,1,0,0,5,4,0,25,1,0,0,1,2,0,0,0
125,CTC,0,2,2,2,0,1,0,1,0,0,0,0,1,8,4,5,2,0,0,1,0,26,0,3,0,0,0,0,41,268571,4,42,0,0,0,0,0,0,0,2,0,0,0,1,0,0,0,1,0,0,3,1,0,2,1,0,2,5,0,1,6,10,1,1
126,TGC,0,1,0,0,0,0,0,0,1,5,0,1,0,0,0,1,0,2,0,1,0,0,1,0,1,43,0,0,0,0,2,0,0,0,0,2,3,0,0,0,0,4,0,0,1,0,0,1,1,54,0,0,0,1,1,0,22,268482,0,239,2,1,1,1
127,GTT,1,1,4,2,2,6,5,13,2,1,6,2,14,11,1,82,3,1,0,0,0,5,1,0,3,4,0,6,6,2,0,4,0,0,0,3,0,7,2,23,0,1,3,0,17,25,22,221039,2,0,2,1,5,1,0,2,0,5,0,8,1,0,1,10
128,ACT,0,0,0,9,7,58,7,220596,0,3,1,3,1,0,1,67,1,0,0,3,0,1,0,3,0,0,0,2,2,0,1,0,1,2,0,0,2,0,0,10,1,0,0,2,0,4,1,6,0,2,0,0,1,3,0,1,2,2,0,0,1,0,1,0
129,CTA,0,0,0,0,2,0,0,0,0,0,0,0,13,0,3,1,3,1,0,0,52,0,0,1,3,1,0,1,221105,13,51,4,0,0,0,0,0,0,0,1,0,0,0,0,3,0,0,0,3,4,1,3,0,0,0,0,1,0,0,0,27,1,5,6
130,CAG,11,7,27,6,5,2,0,1,4,7,4,7,8,8,4,5,98,15,215662,38,0,2,3,0,10,8,34,7,5,6,13,10,2,0,4,5,4,7,0,1,0,4,5,0,3,3,7,7,3,1,78,4,2,3,5,2,2,2,0,8,5,1,7,7
131,TGT,0,0,0,0,0,1,0,0,0,0,0,5,0,0,0,0,0,0,0,7,0,0,1,1,0,0,0,9,0,0,0,0,0,0,0,0,0,2,0,1,0,0,0,2,0,1,0,1,0,1,2,88,0,0,0,4,7,46,1,220652,0,0,1,15
132,ACC,9,25,1,2,30,220499,7,33,2,7,0,3,5,77,1,3,1,6,6,8,0,2,0,0,7,1,2,0,5,6,8,3,0,6,4,5,4,32,1,3,11,5,2,3,9,3,2,1,0,5,0,1,3,3,3,0,1,5,3,1,1,7,17,3
133,AAT,28,17,3,220911,5,5,10,0,4,3,2,26,1,1,0,10,6,1,3,15,10,17,3,12,4,1,5,2,4,2,1,6,1,3,2,30,4,1,9,7,1,6,0,4,0,3,5,5,1,2,0,12,5,4,7,4,0,5,3,1,6,1,8,1
134,GTC,2,0,3,0,1,2,1,0,0,0,0,1,6,79,3,4,0,0,1,0,7,7,12,11,0,0,1,0,3,11,4,4,0,15,0,0,1,22,0,2,0,1,4,0,30,220864,12,47,3,3,0,0,2,4,0,1,3,1,1,0,5,11,6,3
135,ACC,4,16,1,4,51,220709,3,30,7,2,9,4,1,53,7,3,7,1,2,12,5,6,6,5,1,8,2,9,7,3,3,2,0,9,3,1,5,29,11,3,1,1,5,10,5,1,4,3,1,4,0,1,4,7,4,3,1,3,5,6,0,4,3,9
136,AAT,28,24,4,220208,14,2,1,2,4,0,2,2,0,5,1,1,0,1,1,7,8,2,3,4,0,0,0,5,2,3,0,7,2,2,0,8,3,0,4,1,1,5,0,3,1,5,4,2,3,1,0,12,4,1,14,0,1,7,1,1,2,2,4,6
137,AAT,18,39,7,221106,1,3,2,3,3,0,7,5,2,2,1,10,9,0,0,5,5,3,3,0,6,0,0,2,1,0,0,1,0,0,0,24,0,0,0,0,0,0,0,1,3,0,2,1,0,2,0,3,1,2,2,4,0,0,2,1,0,4,0,2
138,ATC,3,10,2,3,3,22,1,4,2,9,3,3,49,221033,14,38,5,2,1,2,1,4,1,3,1,2,1,2,2,12,0,6,0,0,0,1,2,3,0,1,3,6,4,2,0,37,1,4,0,4,0,0,1,6,3,2,0,0,0,6,2,2,4,0
139,ACT,0,1,7,34,29,28,9,220831,5,0,1,7,1,0,0,42,2,0,0,0,1,0,1,1,1,0,1,0,0,1,3,0,3,0,0,1,0,0,2,23,2,2,2,4,3,0,1,0,1,2,0,1,4,0,0,2,1,2,0,2,3,1,0,0
140,GAT,21,8,17,67,4,3,6,0,4,0,3,0,10,5,11,7,7,14,3,4,7,3,3,0,10,2,4,0,2,2,4,1,18,13,4,220517,1,0,0,1,0,2,1,11,14,0,1,2,2,5,0,12,7,2,2,0,1,3,1,1,7,5,4,0
141,GAC,2,66,3,3,5,8,8,2,2,4,2,0,6,8,2,0,6,2,0,0,3,11,3,3,2,0,0,4,0,1,0,0,42,220451,15,96,9,7,0,3,9,65,9,6,0,14,6,8,10,13,0,6,8,7,4,6,0,4,1,1,0,2,4,2
142,ATG,1,3,40,1,2,6,30,1,2,1,3,1,26,4,220650,23,1,2,4,3,1,2,3,1,3,0,5,0,0,3,5,4,1,1,4,2,1,1,2,1,4,0,2,4,3,2,30,1,0,1,2,4,2,2,4,0,0,4,4,2,3,4,2,4
151,AGG,6,0,102,4,3,0,6,0,59,4,220316,22,6,2,59,2,2,3,1,4,4,0,1,3,1,3,7,3,3,1,4,0,1,4,5,2,1,1,1,1,0,0,58,0,5,1,5,3,0,5,3,4,1,5,1,1,5,0,14,3,8,2,2,1
152,GGA,5,4,3,8,4,9,0,5,86,2,2,1,9,1,2,3,13,4,0,1,1,1,1,3,5,1,2,1,8,1,0,5,38,3,2,5,1,1,3,5,220161,5,205,6,15,3,1,0,1,5,0,3,6,2,1,0,5,1,0,1,3,1,1,1
153,GAA,61,3,0,2,3,5,2,1,2,1,3,1,0,1,4,5,5,2,2,0,1,0,0,0,1,0,1,0,1,2,6,0,220869,4,9,7,6,3,0,1,8,1,7,3,2,0,2,3,8,1,0,3,2,5,2,1,3,3,0,2,5,0,1,3
154,TTA,0,1,1,1,4,0,1,2,2,2,0,0,17,6,1,14,3,3,0,0,0,1,1,1,2,0,0,1,20,2,8,4,0,1,0,0,0,0,3,0,0,0,2,0,10,5,9,11,15,1,1,4,27,0,0,1,2,0,2,1,220891,0,53,22
155,AAA,220438,7,14,7,4,6,5,2,10,1,2,3,3,4,2,2,7,8,4,0,0,1,0,0,3,0,4,0,3,7,2,1,7,0,0,0,0,1,0,2,0,0,0,0,1,3,2,3,5,7,0,3,5,3,0,3,2,1,7,2,3,4,6,4
156,AAC,10,221152,6,43,0,6,2,0,6,7,2,0,0,4,1,3,4,8,0,0,0,0,0,1,0,4,1,2,1,3,1,0,3,7,4,1,1,0,1,0,0,0,5,0,2,0,0,0,0,3,2,1,0,0,0,0,2,1,3,0,3,0,1,1
157,TGC,1,3,0,0,0,0,0,0,1,0,1,0,0,1,0,1,0,2,0,0,0,1,0,0,0,12,0,0,1,0,0,0,0,0,0,0,0,2,1,0,0,1,1,0,0,0,3,0,0,182,3,1,3,0,0,0,7,220619,0,68,0,1,0,2
158,TCT,1,0,0,0,2,4,4,5,0,5,0,6,0,0,0,0,0,0,0,0,0,0,0,2,0,1,0,0,0,0,0,0,1,0,0,0,1,0,2,1,2,2,0,0,1,0,0,0,3,0,0,5,12,30,7,221037,2,0,0,0,0,0,0,13
159,TTC,1,0,0,4,0,0,0,3,0,0,0,0,1,12,4,0,0,0,0,0,0,1,2,0,5,0,0,0,2,13,0,3,1,0,0,0,2,1,0,1,0,0,0,0,0,4,1,0,0,16,2,6,0,18,0,0,1,1,3,0,19,221033,2,41
160,AAT,12,28,1,220955,3,5,2,6,2,0,3,15,8,7,2,9,7,0,1,3,0,0,0,1,0,0,0,1,6,1,4,3,3,5,2,57,0,1,2,0,0,0,1,0,4,0,1,5,1,3,0,4,4,3,1,5,0,0,3,3,4,1,2,0
161,ATG,2,1,3,1,13,5,21,1,0,3,6,4,66,21,220903,30,0,0,5,1,0,0,0,0,1,3,0,0,7,3,4,6,0,0,0,0,3,5,2,3,0,1,0,0,0,3,61,6,1,0,1,3,2,4,4,5,0,3,0,1,3,1,18,1
162,ACC,2,14,0,1,25,220539,4,17,3,6,6,0,2,40,0,0,0,0,0,0,3,9,0,3,4,0,0,2,1,4,0,0,3,1,0,0,0,35,2,3,0,0,0,2,0,1,0,1,1,0,0,1,0,3,2,3,0,0,0,0,0,0,0,0
163,ACA,4,0,3,1,220250,45,274,37,1,2,2,2,37,0,0,2,0,2,0,0,0,0,0,0,0,5,0,3,2,2,0,0,0,0,0,0,7,2,1,0,1,2,3,0,0,4,2,2,0,0,1,2,3,1,3,3,0,0,1,0,0,1,1,2
164,GAG,1,0,28,0,0,3,0,3,3,3,0,2,5,5,3,5,0,7,5,1,1,1,1,2,1,0,0,0,0,0,2,2,127,3,219902,15,1,0,0,1,0,0,5,2,0,1,7,3,0,3,8,3,0,1,3,1,0,1,17,1,1,3,3,4
165,CTA,0,0,0,0,2,0,1,0,1,0,0,0,31,0,4,3,4,0,0,0,18,0,0,3,0,0,0,1,220886,6,16,6,0,0,0,0,1,2,0,1,0,0,0,1,2,0,1,0,0,0,2,0,2,0,2,0,0,0,1,0,25,1,4,0
166,AGG,6,2,65,7,7,5,6,0,77,5,220489,22,3,3,90,12,4,4,6,4,0,0,0,1,2,6,10,3,4,4,0,0,1,1,2,0,1,7,10,0,0,1,60,0,3,5,3,6,2,8,0,6,6,3,0,4,0,2,17,3,0,6,2,3
167,GAT,0,0,0,48,1,0,0,0,0,0,0,2,0,0,0,0,1,0,0,5,1,0,0,0,0,0,0,0,2,0,0,0,24,15,3,220980,1,3,0,0,0,0,0,4,0,0,0,4,0,0,0,10,0,0,0,0,6,2,3,0,0,1,1,1
168,AAG,75,2,219975,5,1,3,23,3,5,0,183,0,3,1,25,2,2,2,6,0,0,0,1,2,2,3,6,6,0,1,2,7,3,0,66,0,2,0,0,1,0,2,0,0,1,8,2,5,2,0,0,0,0,2,0,0,2,0,1,0,5,1,0,1
169,AAA,220368,7,8,9,12,19,9,12,10,3,3,14,11,5,1,7,10,6,4,4,3,0,1,5,6,1,2,0,6,8,6,3,17,1,1,7,0,2,0,1,0,0,0,2,4,1,8,7,5,11,0,6,7,3,3,13,1,2,4,1,5,7,3,0
170,CAG,1,3,13,0,2,0,1,7,3,3,1,2,1,0,0,2,59,6,220691,8,0,0,1,0,3,0,24,2,2,1,1,3,3,1,0,0,3,2,2,0,0,1,0,0,4,3,0,0,3,2,14,0,0,0,1,2,0,1,3,2,0,0,1,0
171,AAG,98,1,220493,19,8,5,12,4,7,1,31,4,5,6,4,5,8,5,1,5,1,6,2,3,4,4,5,8,3,8,5,11,3,0,38,2,3,0,2,4,0,0,0,5,3,0,2,4,1,1,0,7,6,2,4,2,0,4,2,0,3,2,4,3
172,GTT,0,1,0,4,6,2,0,5,1,0,2,1,3,0,0,62,1,0,1,6,0,0,0,0,0,1,2,0,0,2,2,2,1,1,0,10,5,1,1,16,1,4,1,7,21,18,13,218152,0,1,1,0,3,0,0,0,0,4,4,4,1,1,0,4
173,TAT,0,8,0,14,4,4,5,5,0,0,6,3,4,0,3,1,11,5,3,17,0,0,0,0,0,1,3,2,0,3,0,0,0,2,1,3,0,2,2,0,0,0,2,0,2,0,2,0,5,14,1,220478,3,4,2,1,0,0,1,4,1,3,0,8
174,TCA,0,2,2,3,13,4,5,2,0,3,0,1,0,3,4,0,0,4,0,1,7,2,0,1,1,0,0,1,1,1,0,0,1,1,0,0,6,6,3,2,0,6,2,0,0,0,0,6,9,1,0,0,220267,11,8,8,1,4,0,0,18,0,0,1
175,CTT,0,0,0,1,1,0,0,2,0,0,0,0,2,1,0,14,0,4,0,4,2,0,0,322,0,0,0,1,33,16,5,220516,0,0,0,0,0,0,0,0,0,0,0,0,3,0,3,7,1,0,1,1,1,0,0,0,0,0,0,0,4,1,5,53
176,TTT,0,0,0,2,0,0,0,0,0,0,0,0,1,1,3,5,0,0,0,0,0,1,0,0,0,0,3,0,1,0,0,6,0,0,0,0,0,0,0,0,0,1,0,0,0,0,2,2,1,0,0,7,0,0,0,11,1,0,0,1,8,17,4,220551
177,TAT,0,1,0,2,1,0,0,0,0,0,1,0,0,0,1,0,0,2,0,8,1,0,0,2,1,5,0,2,0,1,0,0,0,0,0,0,1,1,0,0,0,0,0,0,0,0,0,0,0,12,2,220904,0,0,0,1,0,0,1,11,2,0,0,15
178,AGA,53,3,0,1,12,6,3,5,219314,5,16,6,36,4,2,9,9,1,1,1,6,0,1,0,3,7,2,0,1,7,2,0,5,6,4,1,0,2,4,3,73,0,1,4,4,2,2,7,0,0,1,1,2,3,1,6,2,0,1,0,2,0,1,4
179,CTA,0,0,0,1,1,0,0,0,0,1,0,0,14,2,0,0,9,0,4,2,10,0,0,0,1,0,0,2,220867,7,29,10,2,0,0,1,0,4,0,3,0,1,0,1,6,1,1,0,0,1,0,4,3,1,0,2,0,0,3,0,37,1,4,0
180,GAT,0,0,0,30,0,0,0,0,0,0,0,0,0,0,0,0,0,0,0,1,0,0,0,0,0,0,0,0,0,2,0,0,4,12,2,219124,0,0,0,0,1,0,0,7,0,0,0,0,0,0,1,8,0,0,0,0,1,0,0,0,0,1,2,0
181,GTA,0,0,0,0,1,1,0,1,0,4,1,0,114,4,0,1,1,0,0,0,0,0,0,0,0,1,0,0,11,0,1,7,5,1,1,0,15,1,0,2,0,0,0,0,219201,4,83,7,2,0,2,0,0,0,1,0,0,0,0,0,36,0,7,0
182,GTA,0,0,0,0,0,2,1,1,0,0,0,0,79,0,0,1,2,2,0,1,0,0,0,0,1,1,0,0,11,1,0,1,2,0,0,0,22,1,0,5,1,0,0,1,220627,4,45,3,1,2,1,0,5,1,0,0,0,4,0,1,21,0,4,1
183,CAA,48,4,2,0,0,3,3,0,7,5,1,1,2,2,0,0,220825,7,22,4,5,9,3,0,26,7,0,0,9,0,5,5,11,2,1,0,0,3,3,1,3,8,0,0,3,0,0,0,35,0,0,0,0,2,0,0,0,1,0,0,1,0,1,6
184,ATT,1,2,0,5,1,1,0,16,0,2,0,4,15,8,4,220854,2,1,1,0,0,0,0,0,0,2,0,0,4,4,2,8,3,1,0,0,2,1,0,1,0,3,2,2,1,8,2,5,0,1,0,0,0,0,1,0,0,0,1,3,2,0,7,1
184a,AAC,41,217355,9,120,3,4,5,1,3,32,4,1,1,3,2,4,5,1,1,2,0,1,2,2,1,2,3,2,2,0,0,0,3,5,1,1,11,1,3,1,2,1,0,3,2,2,5,3,2,4,0,1,4,8,3,2,2,6,3,3,3,2,1,3
184b,GAG,5,1,65,5,3,6,3,4,9,0,4,1,7,3,2,6,6,5,12,3,4,6,1,6,1,3,3,2,3,5,1,0,71,12,218831,24,5,6,2,6,4,10,28,3,5,1,2,3,3,0,10,1,5,1,10,2,0,3,3,7,3,8,4,4
184c,AAT,14,9,3,219477,0,3,1,2,2,4,1,10,3,5,2,5,2,4,0,7,3,1,4,1,1,2,3,0,5,0,2,3,8,1,5,2,5,0,1,11,0,2,3,3,3,0,3,1,0,0,0,2,0,0,4,5,0,3,4,1,0,5,3,0
184d,CAA,49,6,1,3,1,0,1,2,3,5,4,0,0,1,3,2,220831,12,75,19,4,11,4,1,118,3,0,4,3,0,3,0,12,0,0,0,4,3,4,3,0,0,1,3,0,1,0,1,22,2,0,5,8,1,3,3,0,2,2,2,1,4,3,1
184e,GGT,0,6,2,1,0,0,2,0,4,3,3,79,1,1,6,0,3,2,0,0,0,3,0,1,1,0,5,6,4,3,2,0,1,0,0,104,2,0,0,3,11,18,0,220857,2,1,2,10,0,0,0,2,0,3,2,3,0,5,2,87,0,0,2,0
184f,AAT,14,19,1,216968,6,2,4,4,2,3,7,18,4,4,3,5,3,0,1,3,1,4,4,4,7,5,1,1,0,3,0,2,1,1,5,17,4,3,1,2,2,2,1,1,5,7,2,2,12,4,1,4,8,0,4,0,1,1,0,3,2,1,2,2
184g,AGG,13,5,64,4,2,6,5,2,44,2,216941,24,1,2,24,4,10,1,4,7,0,6,0,5,0,1,4,1,2,2,0,0,6,0,7,0,1,1,1,0,4,2,139,1,4,0,1,0,3,1,9,0,4,2,2,2,0,3,4,0,1,1,0,3
184h,AGT,2,1,2,136,8,1,1,11,34,25,6,215254,8,1,1,21,1,0,1,0,6,1,0,0,2,2,2,1,2,1,4,1,2,1,3,2,4,3,0,3,5,0,1,49,7,1,2,2,2,4,1,2,2,1,3,3,0,1,2,9,1,2,2,4
185,AAT,34,20,10,217688,2,2,1,7,13,3,4,18,8,1,0,9,5,3,7,3,1,2,1,4,1,4,5,8,1,4,0,6,0,1,1,24,8,2,3,0,1,1,4,5,7,0,0,1,1,4,0,7,4,6,2,3,0,4,2,1,6,0,8,3
186,AAT,45,7,3,217405,7,5,1,12,4,1,2,16,0,2,2,11,7,0,4,5,0,9,1,1,4,3,4,1,1,1,3,4,0,0,1,40,3,0,2,4,1,0,2,1,1,0,1,3,2,0,2,1,2,0,0,0,1,0,2,1,3,2,4,2
187,AGT,6,6,2,128,9,7,5,12,6,15,9,218393,1,2,0,20,0,2,1,6,7,0,1,0,2,0,2,9,1,0,2,2,2,1,6,0,2,0,6,1,0,3,0,110,3,0,0,0,1,2,0,0,2,0,5,0,0,1,2,8,1,0,0,0
188,AAC,48,213942,4,33,5,1,3,4,1,20,0,1,8,4,4,7,5,2,4,4,7,0,1,4,4,0,3,4,2,2,0,3,1,16,2,1,2,0,2,6,2,3,2,2,2,0,9,2,1,3,0,2,1,7,6,0,1,0,5,0,0,4,4,5
189,AAG,97,1,218259,51,3,1,2,4,3,0,21,3,0,1,4,5,1,4,3,0,0,3,3,1,4,2,1,0,0,4,0,4,1,1,54,1,3,1,2,2,0,0,1,0,0,2,1,0,2,1,4,4,3,0,0,0,0,0,1,0,7,1,5,0
190,GAG,2,2,52,1,0,2,10,0,1,0,0,3,1,0,4,0,1,5,1,2,2,0,6,4,4,0,0,0,2,1,1,1,75,7,216844,19,0,7,0,1,0,2,10,0,0,1,6,3,0,8,8,6,1,5,1,3,0,0,1,0,2,1,0,3
191,TAT,1,3,0,8,0,0,0,0,0,0,0,0,0,0,0,0,3,1,0,23,0,0,0,0,0,0,5,0,0,0,0,0,0,0,0,1,2,1,1,0,0,0,0,0,0,0,0,0,8,9,0,218824,2,3,1,1,0,2,10,22,2,4,0,5
192,AGA,28,2,1,0,9,3,1,1,218993,7,9,1,19,0,3,0,8,1,4,3,0,0,2,0,4,2,0,4,0,1,0,0,0,0,0,0,6,3,2,0,35,4,0,2,2,3,1,0,0,0,1,0,8,3,4,10,4,2,0,0,0,0,0,5
193,TTA,0,0,0,0,0,0,0,0,0,0,0,0,15,2,0,0,0,0,0,1,0,0,2,0,0,0,0,0,27,1,0,3,0,0,0,0,0,0,0,0,0,1,0,0,5,0,0,0,12,0,0,0,10,0,0,0,1,0,0,0,219665,2,7,4
194,ATA,3,1,3,2,11,1,2,0,5,0,0,0,219586,7,18,8,1,2,5,3,0,0,0,0,3,0,1,1,5,0,1,1,7,2,0,1,4,0,1,2,2,1,0,0,26,3,3,1,0,2,1,4,1,1,1,2,0,7,0,2,10,1,3,0
195,AAT,18,7,1,217742,4,6,1,3,5,5,0,9,2,0,0,9,1,2,2,7,2,4,0,0,0,0,0,0,1,2,0,1,3,1,3,3,1,4,2,3,6,0,1,0,1,0,0,1,1,3,0,3,6,9,7,6,0,4,0,6,1,3,0,3
196,TGT,0,0,0,1,0,1,0,1,0,0,0,8,2,0,0,0,0,0,0,0,0,0,0,2,0,0,0,10,4,2,0,0,0,0,0,1,0,0,0,0,0,0,1,0,0,1,0,0,3,0,0,45,3,0,1,1,5,53,0,219417,1,1,2,5
197,AAT,6,28,4,217113,4,1,4,7,0,3,2,9,6,2,3,3,1,10,0,4,9,9,1,3,5,5,2,0,0,0,3,2,5,1,8,56,0,0,2,4,0,0,1,0,1,1,0,0,0,0,0,6,1,1,0,0,1,0,1,0,5,0,1,3
198,ACC,3,8,2,1,55,215366,4,28,2,5,0,8,0,42,3,3,4,3,3,2,1,4,0,0,1,0,0,1,0,1,0,4,3,5,0,2,1,35,1,1,0,0,0,0,0,1,5,1,0,1,0,1,3,7,1,2,0,4,0,1,1,1,1,0
199,TCA,0,2,1,0,11,2,3,4,0,1,0,1,0,2,0,0,0,4,0,2,64,1,3,0,2,1,0,0,0,0,0,0,0,0,0,0,4,0,3,0,3,1,2,3,0,1,0,0,5,0,0,1,217987,7,95,4,1,0,1,0,10,0,0,0
200,GCC,5,0,0,2,5,108,0,2,7,2,1,1,4,5,2,4,0,2,4,3,9,11,1,0,1,0,0,0,1,0,0,1,6,7,0,0,26,218489,3,15,1,3,1,1,2,71,2,0,0,0,0,0,3,37,3,4,0,0,0,0,5,0,1,0
201,ATT,1,0,0,4,2,3,2,34,2,0,0,4,9,48,3,219190,0,0,0,0,3,4,3,2,0,0,0,0,0,0,2,3,1,1,1,0,7,3,2,2,0,2,0,0,3,1,0,9,1,0,0,0,0,1,1,1,0,2,0,0,3,0,3,7
202,ACA,10,1,3,1,216804,3,18,11,1,1,5,1,58,3,0,4,8,0,0,0,2,0,2,0,4,1,1,6,2,0,0,2,0,0,1,0,26,0,2,0,2,0,0,2,0,4,0,2,0,2,0,1,3,0,0,0,1,2,0,0,0,1,1,2
203,CAG,0,3,9,0,5,1,0,1,1,1,0,2,0,1,1,0,76,5,218284,18,0,0,10,0,1,0,92,0,0,1,12,2,2,0,0,2,0,1,0,1,0,0,1,2,0,0,0,0,2,1,46,1,3,5,0,0,0,2,0,1,0,0,0,0
204,GCT,7,1,1,0,4,2,1,104,1,2,0,5,3,1,3,9,0,2,0,3,1,1,0,7,0,4,1,3,7,0,0,3,1,1,0,8,12,38,2,218087,6,0,1,0,4,1,2,39,2,5,0,0,1,0,6,8,0,4,1,2,5,3,2,1
205,TGT,1,0,0,5,0,0,0,1,0,1,0,2,0,0,0,2,0,2,0,0,0,0,0,0,3,0,0,39,0,0,0,0,0,0,0,3,1,1,0,0,3,0,2,2,0,0,1,0,0,1,0,54,0,5,1,5,5,86,0,218915,2,2,0,3
206,CCA,0,8,1,1,23,3,1,2,0,0,1,1,3,6,0,4,11,5,4,0,219835,25,20,8,5,3,2,3,22,3,6,8,8,11,0,2,4,3,4,4,0,1,1,0,0,3,3,0,1,1,1,0,17,2,2,0,0,2,1,1,4,0,1,1
207,AAG,67,1,218821,23,10,18,11,13,9,4,47,2,6,12,6,3,3,6,9,8,5,8,12,0,4,2,9,12,13,5,13,8,0,0,15,0,11,6,14,6,0,0,1,0,4,10,6,12,1,9,4,12,1,4,2,0,2,1,3,2,17,6,10,4
208,GTA,2,9,0,6,2,1,3,9,0,1,0,3,159,0,4,5,0,3,3,6,1,1,0,0,3,3,0,2,20,6,3,4,3,0,0,1,51,0,1,3,1,1,1,0,219280,6,9,1,0,2,0,2,2,3,3,4,1,4,2,5,26,0,3,4
209,TCC,5,2,0,3,2,7,7,6,0,3,0,3,4,3,0,1,7,1,1,2,0,8,1,1,0,1,0,0,3,0,0,3,0,1,1,0,3,2,4,0,3,0,1,0,0,3,0,4,0,18,0,4,66,219830,11,34,0,0,1,0,2,20,1,1
210,TTT,5,3,1,4,10,9,2,4,0,5,0,4,5,5,7,18,11,7,6,1,4,2,0,2,0,0,0,3,1,5,0,119,0,0,0,0,5,5,4,1,0,0,0,0,7,0,7,16,0,5,1,10,2,3,1,34,1,4,2,1,3,54,1,219563
211,GAG,4,5,44,2,6,6,6,4,1,0,4,3,0,6,0,2,4,16,5,0,0,0,0,0,0,0,2,4,4,0,1,3,93,4,218517,14,0,4,0,4,0,0,58,0,0,1,14,4,0,3,10,6,3,12,3,0,0,1,2,0,4,8,10,4
212,CCA,3,0,0,3,15,1,0,2,0,2,0,1,6,2,0,0,21,1,0,2,217636,11,13,15,1,0,0,0,19,0,1,2,0,0,0,1,8,1,0,4,0,2,0,1,1,2,2,1,3,2,0,2,319,0,1,3,2,2,0,1,3,0,2,3
213,ATT,3,4,1,17,3,0,0,15,0,1,3,2,11,25,2,219592,0,2,3,0,3,4,1,0,2,1,0,1,3,8,4,4,0,0,0,2,0,0,0,1,2,1,4,0,4,2,0,10,0,1,0,4,2,3,0,1,2,0,0,0,0,7,4,7
214,CCC,5,4,5,3,5,9,0,0,1,6,0,0,5,0,1,6,4,26,0,4,54,220269,17,28,0,4,0,7,1,29,2,2,2,6,2,6,4,6,4,3,10,11,0,4,4,0,1,0,0,5,0,6,0,36,0,4,0,2,0,1,4,3,0,0
215,ATA,12,2,2,0,23,1,0,6,2,0,0,1,218743,18,30,22,4,5,0,1,0,1,0,0,2,0,0,1,9,12,7,6,2,3,1,3,0,1,0,0,0,1,0,0,9,2,8,4,6,4,1,6,2,0,2,0,7,0,4,0,8,6,1,6
216,CAT,10,6,4,36,6,4,2,11,3,2,5,9,8,3,6,4,27,28,8,219478,0,0,2,3,14,5,8,16,10,7,8,18,3,1,6,0,4,2,1,5,3,0,0,1,9,9,4,5,0,13,0,60,14,5,4,6,2,3,5,2,12,6,11,8
217,TAT,0,0,0,2,0,0,0,0,1,4,1,0,5,6,3,4,2,3,2,11,0,0,0,0,0,1,0,0,9,7,1,7,0,0,3,4,2,0,2,0,0,0,0,0,3,5,4,5,12,19,1,218282,0,0,0,1,0,0,2,12,4,2,3,16
218,TGT,0,0,0,2,0,0,2,0,0,0,0,7,0,0,1,0,0,1,1,1,0,0,0,5,0,0,0,15,0,1,0,0,0,0,0,0,0,0,0,0,0,0,0,2,1,0,0,0,0,0,0,56,0,0,3,2,9,21,5,220217,0,0,0,9
219,GCC,0,0,0,0,12,197,4,6,0,4,0,2,0,4,1,3,0,2,0,1,6,8,2,7,0,2,1,0,0,0,0,3,1,3,0,0,20,218882,6,38,0,2,1,4,1,135,4,11,0,2,0,0,2,22,1,2,0,4,0,0,0,0,0,0
220,CCA,0,3,0,0,10,4,7,11,0,2,0,0,2,4,0,0,7,1,1,5,219729,36,34,12,0,2,0,0,15,1,2,0,0,0,0,1,4,2,1,0,0,2,2,2,1,0,0,0,0,2,1,0,23,1,3,1,1,0,0,0,0,2,0,0
221,GCT,1,10,3,9,10,12,11,200,10,11,16,8,0,4,4,0,5,14,1,24,9,14,6,18,8,4,2,10,2,6,4,2,3,1,2,34,10,89,14,219670,3,6,2,8,7,4,10,61,2,1,0,2,8,8,1,31,1,6,0,8,1,2,0,2
222,GGT,3,4,1,10,1,4,1,3,0,6,3,48,1,0,1,2,1,1,0,4,2,3,5,1,0,0,0,0,0,0,1,2,1,0,0,43,0,0,2,7,16,28,16,220072,0,1,3,9,1,1,1,1,2,4,3,5,1,0,0,4,2,0,2,1
223,TTT,0,4,0,1,1,4,4,2,2,5,2,12,3,11,6,5,0,9,2,3,2,0,0,0,2,0,0,0,1,1,5,15,0,0,0,1,6,0,7,3,0,0,1,1,1,1,3,4,1,5,5,31,0,8,2,21,4,0,39,2,5,99,18,434350
224,GCG,5,0,3,3,11,4,94,11,0,5,4,6,7,13,3,6,4,2,2,2,0,0,0,4,2,1,0,2,5,1,1,1,2,1,9,3,83,17,212180,24,20,12,33,5,11,2,466,15,1,1,0,2,6,4,39,2,3,3,0,2,0,1,1,0
225,ATC,0,2,0,0,0,8,0,0,0,6,0,0,20,214937,17,22,0,0,0,0,0,0,0,0,0,0,0,0,4,12,0,6,0,0,0,0,0,0,0,0,2,1,0,0,1,6,0,2,3,1,1,1,0,0,0,2,0,0,0,0,7,5,0,5
226,CTA,0,0,0,0,0,0,0,0,2,0,1,0,97,8,7,6,2,3,0,0,28,0,1,1,0,0,0,0,215312,6,32,4,0,0,0,0,0,0,0,0,1,0,0,0,9,6,2,3,0,0,0,2,0,0,0,0,3,2,0,0,28,0,3,8
227,AAG,71,5,215120,21,6,4,4,2,7,0,82,5,4,2,15,9,1,6,9,3,0,2,0,0,1,8,0,3,7,10,6,1,5,2,14,0,10,2,3,3,0,0,0,0,7,7,5,9,1,4,1,2,4,1,6,6,1,2,5,2,2,4,7,7
228,TGT,1,0,0,0,0,1,0,0,1,0,2,8,0,0,0,0,0,0,0,3,0,0,0,0,0,0,3,8,2,0,0,0,0,2,0,0,0,0,0,2,0,0,1,1,0,0,0,0,2,1,0,51,0,0,0,0,6,28,0,214214,0,2,0,4
229,AAG,93,9,214571,42,2,8,38,4,12,6,181,3,2,5,46,9,4,5,3,1,0,0,0,0,8,0,8,6,4,3,7,4,6,1,78,3,3,2,7,8,1,2,6,5,11,2,3,4,0,1,0,3,6,6,2,4,0,0,2,1,5,2,5,6
230,GAT,4,6,7,49,5,7,9,8,3,7,2,4,3,1,3,3,5,3,4,15,0,0,1,1,1,3,0,1,10,2,1,3,9,17,4,214615,2,2,0,6,2,1,11,11,10,4,3,8,0,2,0,27,8,1,0,14,0,1,3,6,7,6,3,4
231,AAG,65,5,215466,18,6,0,12,0,1,1,90,0,2,1,7,0,11,3,7,4,8,8,2,3,2,3,2,0,6,0,1,2,4,1,76,4,0,0,0,1,4,3,1,0,1,1,0,2,0,2,3,2,3,2,4,1,3,1,1,0,4,4,2,3
232,AAG,82,9,214575,35,6,4,4,5,3,2,16,2,6,4,6,2,5,8,16,4,2,2,1,1,9,3,2,2,5,8,10,9,1,5,23,3,6,7,3,4,3,2,4,4,3,10,3,2,3,5,1,8,1,8,0,4,0,1,4,2,4,0,2,3
233,TTC,1,2,0,4,0,0,1,0,0,0,0,0,0,5,2,2,0,20,1,0,0,0,0,0,0,3,0,0,0,13,0,0,0,0,0,0,0,0,0,0,0,0,0,0,0,0,1,1,2,15,1,4,0,9,0,5,0,0,6,0,5,214979,1,41
234,AAT,11,25,7,215245,10,12,7,10,4,1,4,99,15,6,2,12,7,5,4,0,5,5,2,8,9,2,4,2,2,1,2,6,2,2,1,75,4,1,1,0,0,0,4,4,3,1,0,2,0,4,1,16,2,12,4,3,0,2,3,1,1,4,6,3
235,GGA,0,2,1,0,2,0,0,0,39,0,0,0,0,0,0,0,0,0,0,0,0,2,0,0,0,0,0,0,0,0,0,0,22,0,0,0,4,0,0,0,215615,1,31,7,1,0,0,0,0,0,0,1,0,0,0,0,6,4,0,0,0,0,0,0
236,ACA,28,4,0,4,215114,36,200,19,11,1,1,2,114,4,3,4,3,11,10,1,1,0,0,0,1,3,1,2,4,4,0,0,0,1,2,0,35,5,5,0,2,0,0,0,2,0,3,0,0,1,0,0,3,5,0,0,0,0,0,0,1,2,1,0
237,GGG,0,0,1,0,0,0,0,0,1,0,39,0,3,0,0,0,0,0,0,0,0,0,0,6,0,0,2,0,0,0,2,0,2,0,49,1,4,4,6,0,220,2,215058,17,0,0,14,0,0,1,0,0,0,1,2,0,0,0,30,0,1,0,0,1
238,CCA,6,2,3,10,32,3,0,3,7,1,2,0,2,0,0,2,60,2,4,1,215040,13,62,2,1,1,6,2,33,2,3,2,1,2,3,0,4,1,2,3,1,1,1,3,4,4,2,3,0,1,1,2,206,1,1,6,0,1,1,1,2,8,0,1
239,TGC,0,1,0,0,0,0,0,0,0,8,1,0,0,0,0,0,0,0,1,0,2,2,0,0,0,13,1,3,0,0,0,0,0,0,0,1,0,2,0,0,2,2,0,0,0,0,0,0,2,108,0,1,0,3,0,0,4,215187,3,160,0,9,1,0
240,CCA,11,4,6,9,37,22,5,3,14,1,12,6,9,3,3,4,47,18,4,15,214874,27,36,16,5,13,4,2,46,4,7,18,12,6,16,6,16,4,0,9,5,0,9,9,13,3,5,10,1,2,0,7,31,7,11,12,0,0,0,1,5,0,7,7
241,AGT,2,15,9,87,7,8,1,4,9,26,14,215358,4,4,6,22,3,10,8,2,2,0,0,0,6,3,7,13,3,6,0,4,13,4,1,13,5,4,2,3,3,4,3,45,5,0,7,1,0,5,0,9,2,2,1,3,1,0,6,10,3,1,2,5
242,GTC,0,0,0,0,0,14,0,0,0,2,0,1,3,92,0,4,0,1,0,0,2,0,0,0,0,0,0,0,0,6,2,2,0,0,0,2,1,28,1,0,2,0,0,0,23,214885,10,98,0,0,0,1,0,0,0,0,0,2,0,0,6,4,1,0
243,AGC,1,207,0,6,17,12,5,4,5,214635,0,191,2,10,0,0,0,7,1,3,3,2,0,0,1,5,0,0,1,1,3,0,3,10,1,2,7,11,8,7,2,116,0,10,3,12,4,1,0,10,0,2,5,8,1,5,0,2,5,3,1,7,0,5
244,ACA,8,0,1,3,214988,17,83,8,2,5,0,1,44,6,1,5,1,4,2,4,3,0,2,0,3,2,4,2,3,5,0,0,1,1,2,0,15,9,12,6,3,6,1,1,6,3,4,6,0,13,3,1,7,3,0,2,1,1,0,0,2,7,2,2
245,GTA,0,0,0,3,1,5,0,4,3,1,0,10,145,3,1,3,1,0,1,1,0,0,0,0,1,0,1,0,6,8,2,1,4,2,0,0,50,0,0,0,1,3,2,1,215251,4,50,10,5,0,0,0,1,1,2,4,1,4,0,3,12,0,1,0
246,CAA,28,2,1,1,9,0,4,7,1,3,2,2,5,0,4,5,215308,12,65,17,11,1,0,6,21,0,0,11,21,6,3,3,6,0,1,4,3,0,0,3,0,0,0,3,6,1,1,1,47,0,0,6,2,0,1,4,1,0,2,0,3,1,1,4
247,TGC,0,0,0,0,0,1,0,0,0,7,2,0,0,2,0,1,2,0,1,0,0,0,0,0,0,6,0,0,2,0,0,0,0,0,0,0,2,0,0,0,0,1,5,0,0,0,0,0,1,192,0,0,2,0,4,0,5,214932,3,146,0,1,0,1
248,ACA,9,0,1,0,215471,8,30,17,0,3,0,2,69,0,0,5,3,4,5,0,3,1,5,0,0,1,0,0,1,1,0,0,0,0,0,0,9,1,0,3,0,1,0,0,0,0,5,0,3,0,0,0,3,4,2,3,1,0,0,0,0,0,2,3
249,CAT,6,2,6,29,6,2,3,1,3,2,1,1,0,1,0,1,7,72,5,215445,8,3,0,2,0,1,2,16,4,2,2,1,6,4,2,8,3,6,0,1,3,1,6,1,0,0,0,5,0,1,0,29,7,3,4,6,0,0,0,1,0,0,2,0
250,GGA,2,1,2,3,1,5,2,1,47,6,2,2,1,1,6,1,1,0,0,2,9,5,4,0,13,1,0,3,4,3,1,0,30,3,1,2,2,1,0,0,215350,10,35,11,5,2,4,1,1,0,0,2,0,0,1,0,16,1,3,0,4,0,2,2
251,ATC,0,3,1,0,0,8,3,0,1,0,0,1,28,215294,4,27,0,7,0,0,0,2,0,0,0,2,0,0,3,8,3,2,0,0,0,0,0,1,0,0,0,1,1,0,2,11,6,5,0,5,0,2,0,0,0,0,0,1,4,1,12,12,0,3
252,AAG,85,9,214887,39,3,2,5,0,3,5,46,4,2,2,18,2,2,4,7,0,4,7,13,18,1,6,7,1,5,6,5,0,3,2,90,1,6,5,4,2,0,0,11,3,1,3,4,0,2,1,3,1,3,5,3,2,0,1,10,2,1,7,2,4
253,CCA,0,1,0,1,31,2,0,2,0,1,0,1,2,0,1,0,12,4,1,1,215156,15,24,18,5,1,0,0,32,0,0,1,0,0,0,0,3,10,13,8,3,1,3,1,0,6,1,2,4,2,2,2,116,5,2,0,1,0,6,0,0,1,1,0
254,GTA,0,3,4,0,6,10,1,8,1,7,0,11,93,0,3,8,9,8,2,4,7,1,0,0,0,1,4,0,12,1,4,3,10,3,6,1,27,10,11,7,6,2,4,3,215100,14,66,16,0,1,0,5,1,11,3,5,0,4,1,8,30,16,3,5
255,GTA,0,1,0,0,6,1,8,5,1,3,0,1,159,1,0,3,0,1,1,0,11,11,9,5,0,0,0,0,3,1,0,1,5,0,1,0,26,4,5,3,1,1,1,2,215325,3,19,9,3,11,1,10,0,1,0,0,2,12,0,4,9,5,1,7
256,TCA,0,1,3,1,6,4,2,2,1,2,0,0,0,0,2,0,1,2,0,0,11,0,0,1,1,0,0,0,2,1,0,0,0,0,0,0,9,8,5,4,3,0,1,1,2,0,5,0,3,0,0,0,215651,4,47,8,4,1,0,2,18,0,0,0
257,ACT,0,0,2,3,9,48,5,215048,0,2,0,11,0,0,0,36,0,0,0,3,0,5,0,1,0,0,0,0,0,0,0,0,0,0,0,0,1,1,0,7,0,2,2,0,1,3,0,1,0,0,0,0,6,2,5,8,2,0,0,0,0,1,0,1
258,CAA,5,0,0,1,1,2,0,5,0,0,0,1,0,1,0,0,215386,18,17,10,3,0,0,3,35,0,1,0,2,0,0,2,2,0,0,0,2,2,1,2,2,0,3,0,0,0,0,0,29,0,2,0,2,2,2,1,0,0,0,0,0,1,0,0
259,CTG,0,0,0,0,0,0,0,0,0,0,0,0,5,0,25,0,0,0,3,4,0,0,6,0,1,0,1,2,153,5,215290,32,0,0,0,1,0,0,0,2,0,0,1,0,2,1,6,0,0,0,1,0,4,0,0,3,0,0,0,1,7,4,59,3
260,CTG,0,1,0,0,0,1,0,3,0,0,0,0,5,3,51,6,3,0,10,0,0,0,40,0,0,0,5,2,80,4,215317,21,0,0,0,0,0,2,2,4,0,0,0,1,6,3,7,10,0,3,1,2,0,0,0,0,4,4,3,1,5,4,89,5
261,TTA,0,0,0,0,1,0,2,0,1,0,0,0,15,4,2,9,0,3,0,3,0,0,0,1,2,0,2,0,29,8,1,4,0,0,0,1,0,0,0,0,2,0,0,0,13,13,2,7,2,0,0,0,7,1,1,1,1,0,0,0,214146,0,18,0
262,AAT,5,19,0,214822,0,0,1,0,0,0,0,13,0,0,0,6,0,0,1,0,0,0,0,0,0,0,0,0,0,0,0,0,1,0,0,17,0,0,0,1,4,0,0,1,0,0,0,1,0,0,0,0,0,0,0,1,0,0,0,0,2,0,0,0
263,GGC,0,1,0,0,1,0,5,0,4,39,0,4,2,4,2,0,2,1,0,0,0,0,0,0,0,0,2,0,3,2,0,0,0,210,0,1,1,8,4,2,21,214535,7,242,0,3,0,1,0,3,2,1,0,0,0,0,0,13,1,1,2,0,0,2
264,AGT,0,2,0,104,0,2,1,10,0,22,1,213850,0,1,0,14,0,1,3,4,0,2,0,2,0,0,1,2,0,0,3,0,1,0,9,0,0,1,0,2,0,2,6,24,0,0,0,1,0,0,1,0,1,2,4,1,1,2,0,3,0,0,0,0
265,CTA,0,0,0,0,0,0,3,3,0,0,2,0,52,5,8,1,8,1,2,4,15,0,0,0,2,0,2,1,214702,6,48,1,0,0,0,0,0,0,4,2,0,0,0,0,9,1,3,5,0,2,1,1,1,1,0,0,0,1,0,0,30,4,5,6
266,GCA,0,3,0,1,119,6,1,3,0,0,1,5,2,0,6,2,3,1,5,1,4,1,3,0,1,0,0,0,1,0,2,1,18,3,2,3,214795,5,57,8,0,4,4,2,125,2,8,5,1,3,1,0,24,4,5,2,0,3,0,4,3,0,1,0
267,GAA,51,6,1,3,5,3,1,0,7,3,1,0,9,6,5,2,8,9,1,8,4,2,5,7,5,0,1,4,0,2,5,1,215142,0,11,14,6,0,0,9,10,1,9,8,3,4,2,6,4,1,2,2,6,3,2,3,2,0,2,1,9,2,5,0
268,GAA,55,7,9,11,7,5,3,7,7,2,7,5,4,5,5,1,6,3,8,8,0,2,0,1,10,2,4,3,10,4,6,0,214854,8,34,6,7,1,0,2,8,7,12,1,6,7,5,9,7,3,1,5,10,3,7,3,0,1,3,3,7,1,2,5
269,GAG,4,6,32,8,3,3,14,1,2,1,2,0,2,4,1,2,4,5,4,8,1,0,0,1,0,1,4,3,0,3,7,4,74,5,214415,29,1,4,5,2,0,3,82,5,11,0,10,2,2,1,5,2,2,6,3,1,0,1,3,0,2,2,3,2
270,GTA,0,0,0,1,1,10,8,2,0,2,0,5,134,2,5,8,0,1,0,1,6,4,0,2,0,1,0,0,4,4,5,5,7,3,3,7,25,5,5,2,1,1,1,2,214988,1,23,12,0,5,0,3,3,4,1,0,0,6,0,3,34,2,4,5
271,ATG,3,7,47,7,7,6,17,0,2,9,4,6,32,8,215177,22,0,2,6,1,0,0,0,0,2,3,7,4,2,4,4,1,1,1,4,0,0,2,7,1,0,2,2,2,4,2,18,1,0,2,1,4,4,2,5,2,2,4,5,3,7,7,11,4
272,ATT,0,0,0,0,1,2,1,8,2,0,0,0,8,20,2,213733,0,1,0,0,0,0,0,1,0,0,0,0,2,2,1,3,0,0,0,0,0,0,0,0,0,0,0,0,0,3,4,11,0,1,0,1,1,0,0,0,1,2,0,4,4,0,3,3
273,AGA,51,1,1,0,14,3,0,0,214465,3,20,3,35,3,0,2,4,2,6,3,0,0,0,0,5,5,1,4,6,0,3,0,1,0,0,0,4,1,1,0,47,1,0,0,1,0,2,0,0,6,1,2,2,3,6,0,0,0,9,0,1,8,1,4
274,TCT,0,0,1,3,10,3,7,13,0,3,3,9,2,3,3,10,0,3,0,0,1,2,0,6,0,0,0,0,2,2,0,3,0,0,1,0,10,3,5,7,3,0,7,1,6,0,4,0,2,1,0,34,34,155,18,212536,2,3,2,1,2,7,1,30
275,GAA,65,0,0,7,0,0,2,0,2,5,2,2,0,3,6,3,14,0,3,2,4,4,6,6,1,2,2,1,5,0,1,2,214442,9,10,8,4,7,5,4,8,1,6,2,5,1,2,3,9,0,2,1,3,3,2,3,1,0,4,4,3,3,0,2
276,AAT,16,15,2,214708,3,0,0,4,0,1,0,5,0,1,3,10,5,2,4,2,0,0,0,0,1,0,3,1,0,2,0,0,2,2,3,25,7,4,5,2,5,2,1,0,0,0,0,2,3,0,1,9,6,1,2,3,1,7,0,5,3,1,5,1
277,ATC,0,2,1,0,5,20,1,3,0,1,2,1,32,215047,8,49,3,3,0,2,3,5,3,3,0,0,1,0,1,5,1,1,0,1,0,4,1,1,0,1,0,0,0,1,1,20,9,1,0,1,0,4,0,0,0,2,0,2,6,0,3,4,5,7
278,ACA,15,2,2,4,213139,16,16,3,2,6,2,3,56,2,2,1,3,1,0,1,3,0,2,1,0,2,2,3,2,0,3,2,5,7,1,0,37,1,2,2,0,2,4,3,3,3,1,3,0,0,3,5,11,0,1,1,2,0,3,1,1,2,3,2
279,AAC,521,211207,5,65,51,5,0,3,2,9,1,7,2,4,0,0,1,1,3,2,0,0,0,1,0,1,0,3,0,0,0,1,7,11,8,3,2,0,1,0,0,0,1,0,0,0,0,0,1,3,0,0,0,0,5,0,0,0,0,1,0,1,0,0
280,AAT,3,18,2,211666,1,2,0,3,0,1,1,10,1,1,51,3,486,0,0,1,0,4,0,2,0,0,0,0,0,0,0,0,2,0,0,13,1,2,1,1,0,2,2,0,2,0,1,0,2,0,0,4,0,2,1,2,0,0,1,0,0,0,0,0
281,GCC,1,3,0,0,1,259,0,4,0,0,0,1,0,0,0,0,0,1,0,3,49,2,1,0,0,1,0,0,0,1,1,0,0,7,0,0,16,205410,7,32,5,6,1,2,1,105,1,2,0,3,0,0,1,14,2,0,2,499,1,1,0,0,3,0
282,AAA,212100,1,6,6,0,0,0,0,9,0,0,0,0,1,9,1,547,0,1,0,1,0,1,0,0,6,4,2,0,1,4,2,9,1,1,1,1,1,4,1,1,5,0,1,2,2,3,4,2,1,0,5,1,0,0,0,1,0,0,0,2,0,2,0
283,AAC,9,212764,0,43,6,4,0,3,0,10,0,7,2,4,0,2,2,4,1,0,1,2,0,0,0,0,0,0,2,0,0,0,1,11,1,0,2,0,0,5,0,0,2,6,0,0,0,3,0,3,0,1,2,6,0,4,0,0,0,2,1,0,0,0
284,ATA,4,0,1,0,16,0,1,0,0,0,0,0,213195,5,47,10,0,0,1,0,0,0,0,0,4,0,2,0,6,3,5,7,0,0,0,0,0,0,0,0,0,0,1,1,5,2,1,10,0,2,0,3,0,0,0,0,0,0,7,0,14,2,2,0
285,CTA,2,0,1,1,0,0,0,1,0,0,2,0,47,7,11,10,12,12,3,9,9,0,2,1,1,0,0,0,211261,12,22,20,0,1,1,1,7,1,5,0,1,0,0,0,10,1,7,9,2,5,0,1,0,0,0,0,3,0,5,0,67,6,9,14
286,GTA,2,2,0,0,0,0,1,1,2,0,0,0,66,3,0,4,2,0,2,2,1,0,0,0,0,0,4,2,6,0,3,2,5,0,0,0,26,3,0,0,0,0,0,0,211970,10,52,10,1,0,0,1,0,0,0,0,0,0,2,1,18,0,4,0
287,CAA,7,0,2,4,2,5,0,2,0,4,1,1,7,2,2,3,209508,5,20,11,3,0,1,1,5,1,0,1,10,4,0,4,2,0,1,0,3,5,1,2,0,0,2,1,0,2,1,3,45,1,0,2,1,1,0,3,0,0,2,0,3,0,5,2
288,TTT,0,0,0,0,0,0,0,0,0,0,0,0,2,1,0,2,0,0,0,2,0,0,0,0,0,0,0,0,3,4,3,6,0,0,0,0,1,0,0,0,0,0,1,0,0,0,0,1,0,0,2,2,1,0,0,8,0,0,0,3,19,19,5,212536
289,AAC,33,213845,2,63,5,7,1,2,1,86,0,0,4,1,3,1,3,5,4,1,2,2,2,0,3,0,0,5,0,2,0,0,3,33,0,1,6,7,0,1,0,0,4,3,0,0,2,0,2,5,0,6,0,7,2,3,0,0,1,0,0,0,0,0
290,ACG,4,0,15,2,153,10,212817,30,4,0,7,2,1,2,120,1,3,2,7,3,0,0,2,0,1,3,4,3,5,0,1,0,5,3,2,1,0,1,52,1,0,1,2,0,0,3,0,0,0,1,0,2,3,7,4,8,0,2,0,3,0,1,0,0
291,CCT,0,0,0,0,0,0,0,12,0,0,0,1,3,0,0,0,0,3,2,22,33,140,17,213478,0,0,0,1,0,0,0,22,2,0,0,0,1,0,0,2,0,0,1,1,1,0,0,0,0,0,0,1,0,0,0,29,0,0,0,0,0,1,0,0
292,GTG,2,0,0,0,0,0,0,0,0,0,1,0,2,2,92,6,0,0,0,1,0,0,0,0,0,0,1,0,1,0,4,0,1,0,6,0,1,1,26,0,0,0,0,0,275,3,211930,15,1,0,2,0,0,0,1,0,1,0,0,0,0,0,2,0
293,CAA,27,3,0,2,4,4,2,3,5,3,1,4,2,4,8,6,214539,2,14,5,10,5,12,2,13,1,1,4,6,2,7,5,4,0,2,0,3,3,0,3,2,3,4,0,2,2,2,0,135,4,3,4,1,3,3,2,0,0,1,0,1,3,6,1
294,ATT,1,0,1,2,0,1,0,8,0,0,0,1,16,16,5,214585,0,0,0,0,0,2,5,0,0,0,0,0,6,4,3,7,1,0,0,0,0,0,1,0,1,0,0,1,3,5,2,20,1,2,0,2,0,0,1,0,0,0,0,1,2,0,4,8
295,AAT,32,15,8,214502,9,10,8,10,6,6,3,27,6,6,9,13,5,5,2,5,0,2,0,1,5,0,2,2,3,10,0,4,3,5,6,21,3,6,8,2,1,3,9,6,5,0,3,9,0,7,1,12,5,7,7,3,0,1,8,1,6,6,4,6
296,TGT,0,0,0,1,0,0,1,2,2,0,0,3,0,0,0,3,0,0,0,0,0,0,0,0,0,0,0,7,0,0,0,0,0,0,3,0,0,0,0,0,0,0,1,2,1,0,1,0,2,0,0,76,0,0,0,3,1,41,3,214269,0,0,0,5
297,ACC,3,27,4,4,18,214173,8,67,1,8,2,5,3,50,2,4,5,0,4,2,0,2,1,0,2,5,0,2,2,2,4,8,1,0,1,3,2,62,1,3,4,9,5,2,2,7,2,1,1,0,0,3,11,4,3,6,0,0,0,0,2,0,2,0
298,AGA,32,0,2,0,3,3,0,6,214565,3,18,1,10,1,0,0,0,5,1,1,0,0,0,0,10,4,5,5,0,0,0,0,2,0,0,1,0,1,1,0,68,0,0,2,0,0,0,0,0,0,2,1,0,1,1,0,5,0,0,0,0,0,0,0
299,CCT,0,0,0,3,1,4,0,14,2,1,1,2,1,0,1,0,0,0,1,16,16,94,5,209033,0,1,0,0,1,0,0,16,0,1,2,0,2,0,0,0,0,0,1,0,0,3,0,1,0,1,2,1,1,0,0,21,0,2,0,5,2,0,0,0
300,AAC,8,213124,1,37,6,8,3,3,0,14,3,6,2,4,1,10,0,9,1,8,2,4,2,1,0,0,0,1,3,0,3,1,0,8,1,3,2,0,2,1,0,1,1,1,1,1,10,0,0,1,0,2,1,3,10,3,0,0,1,0,2,6,1,1
301,AAC,28,211893,8,44,0,2,0,0,0,2,1,0,0,2,0,1,0,6,0,2,0,0,0,1,3,1,1,1,1,0,0,0,0,14,0,0,0,2,1,1,0,0,0,0,0,0,1,0,0,1,0,3,1,0,2,0,1,5,1,3,1,1,2,1
302,AAT,7,17,5,211060,3,4,7,10,7,4,10,15,2,4,1,7,3,3,2,5,1,0,1,0,3,3,9,7,4,0,1,2,0,0,0,16,3,1,4,1,3,0,3,1,0,0,0,0,0,16,0,32,4,6,2,0,0,3,1,2,1,1,2,3
303,ACA,11,3,1,1,214008,5,81,17,1,4,3,8,54,2,5,1,1,1,0,0,1,0,0,0,2,2,1,0,0,0,1,1,1,1,0,4,32,5,1,0,0,0,0,0,2,4,1,4,0,0,0,1,4,5,0,2,0,1,4,0,1,2,2,2
304,AGG,6,1,127,0,2,17,9,1,35,9,212810,10,6,6,37,4,0,3,6,2,0,2,0,1,11,4,21,6,4,3,2,6,1,2,3,0,4,1,5,6,2,0,83,0,3,8,8,6,1,1,0,2,5,4,1,7,0,1,16,3,6,3,3,1
305,AAA,213618,5,33,10,3,2,2,2,11,0,4,0,7,6,1,0,4,2,1,0,0,0,0,2,5,0,3,2,2,2,0,2,4,1,0,2,2,0,2,3,0,0,0,0,3,0,1,1,2,2,2,0,2,3,2,2,1,1,3,0,1,0,1,2
306,AGT,10,3,5,87,4,11,3,17,10,32,13,214144,4,12,8,27,0,3,2,1,4,2,4,3,4,4,8,13,6,4,2,9,3,9,5,3,6,8,7,2,4,0,4,87,4,8,8,5,0,1,0,3,3,1,2,7,0,4,3,12,0,2,3,0
307,ATA,10,0,0,0,5,2,2,0,0,0,0,0,214772,2,28,17,3,3,2,1,0,0,0,0,2,0,0,0,1,2,2,1,2,0,0,0,1,0,0,0,0,0,0,0,20,0,0,0,0,7,0,5,0,1,0,0,0,0,4,2,9,4,4,3
308,CGT,6,6,3,2,5,10,6,1,2,2,1,51,1,2,0,2,6,7,2,113,3,10,9,10,9,23,6,212975,7,7,3,42,0,0,0,1,1,5,1,4,0,4,3,7,2,11,7,7,0,7,0,2,2,3,2,9,0,4,5,184,7,4,4,6
309,ATA,15,1,0,0,7,1,0,0,0,3,1,0,214536,17,81,10,3,1,0,1,1,0,0,0,0,4,2,0,1,1,2,0,1,0,0,0,0,3,1,1,1,0,0,0,8,4,2,2,0,1,0,0,4,0,1,0,2,2,1,2,4,9,1,6
312,GGA,4,2,2,1,0,0,0,2,61,8,1,1,2,2,0,0,2,0,0,0,1,0,8,0,3,1,0,2,0,2,0,0,50,2,2,2,9,3,6,2,214657,7,15,11,9,1,0,0,0,1,1,1,1,2,1,2,36,0,1,2,0,2,0,1
313,CCA,1,2,6,5,17,0,0,2,2,1,1,2,0,0,2,3,40,5,1,5,214587,15,241,14,2,3,0,0,16,4,0,1,3,0,1,0,2,3,1,1,3,2,0,0,2,1,0,1,0,1,2,1,42,0,0,0,2,0,0,0,0,4,1,6
314,GGA,1,1,0,1,1,4,2,1,61,0,3,1,0,0,4,0,0,2,0,0,0,1,0,0,8,0,1,2,0,0,0,0,34,1,1,1,4,0,4,0,215213,12,21,7,2,0,3,0,1,1,0,0,0,1,0,0,10,0,0,0,0,0,0,0
315,CAA,27,7,2,1,5,1,3,5,1,0,5,5,8,3,6,1,215051,5,70,3,4,0,1,2,17,7,3,10,11,11,4,3,3,4,2,0,2,2,2,5,0,0,1,0,3,1,6,0,17,0,0,1,3,1,3,2,1,2,1,2,6,0,6,0
316,GCA,9,16,5,21,153,4,6,3,3,10,3,4,3,0,10,0,13,19,8,13,12,3,3,3,5,8,2,6,7,9,8,7,31,11,4,8,214177,14,16,17,1,2,2,1,122,2,4,0,0,4,0,5,34,23,5,4,1,0,0,3,9,4,7,1
317,TTC,0,1,2,1,0,3,0,0,2,0,0,0,1,2,3,0,3,0,1,0,0,4,0,0,0,0,0,0,0,20,0,1,0,0,0,0,1,2,0,0,1,2,2,1,3,1,2,2,0,8,0,2,2,10,1,0,1,3,12,0,20,215105,11,61
318,TAT,10,1,6,14,0,4,7,0,3,2,5,0,13,9,1,21,7,6,2,57,0,0,0,2,3,2,3,0,21,9,2,7,13,0,2,4,0,1,4,4,2,2,1,0,4,6,8,2,4,26,0,213865,3,5,8,11,0,4,4,23,13,4,9,5
319,GCA,0,0,2,2,105,1,2,1,1,0,0,6,5,0,3,0,2,6,0,3,1,4,1,0,0,1,4,2,1,3,0,4,8,1,0,0,214674,12,35,8,13,11,11,10,149,2,3,1,0,4,0,10,1,2,3,1,2,6,4,3,1,5,0,8
320,ACA,20,18,2,8,214857,25,116,14,7,3,2,4,61,4,0,9,8,9,3,2,3,2,1,2,3,1,7,0,0,0,3,0,2,0,0,1,21,5,0,1,1,1,2,1,4,0,1,6,2,3,0,1,6,1,1,3,0,0,1,0,2,7,1,5
321,GGG,4,1,1,7,8,1,4,4,5,10,54,3,4,2,0,3,2,2,5,6,2,4,2,0,2,0,9,1,0,1,1,0,10,0,52,5,1,5,7,2,92,5,214292,17,5,4,24,1,0,3,0,0,2,1,7,10,0,1,28,6,0,1,1,0
322,GAC,5,56,0,4,6,3,0,4,3,1,4,0,2,1,3,4,8,9,2,1,8,10,4,2,7,9,1,3,0,0,2,7,26,259524,5,69,8,12,0,7,10,99,2,11,1,1,1,1,1,21,4,4,3,4,4,4,1,0,2,0,7,2,0,4
322a,ATA,14,1,1,2,52,0,2,1,4,2,1,7,259801,4,34,11,3,1,0,3,15,5,10,8,1,0,2,1,2,2,1,4,3,0,0,0,1,0,0,3,2,0,1,0,21,0,14,0,1,1,0,1,0,1,0,1,0,0,3,0,3,4,0,9
323,ATA,22,4,5,5,22,8,9,5,12,13,9,10,259305,19,126,23,14,16,6,4,4,5,1,1,10,6,11,10,6,2,4,9,10,2,4,4,8,2,3,4,8,11,3,10,24,7,2,7,0,3,0,9,7,6,2,8,0,0,4,5,16,10,2,8
324,GGG,1,2,0,1,2,2,1,0,0,0,117,1,1,0,0,0,0,0,0,1,0,0,1,1,0,1,7,0,0,0,9,0,1,3,53,1,2,0,3,7,110,15,260360,47,3,0,9,0,5,0,2,0,0,2,0,0,0,0,44,0,0,1,1,0
325,GAT,2,11,4,105,3,11,7,6,6,6,4,20,8,7,3,2,9,12,5,23,7,8,1,2,3,4,10,15,8,14,1,6,19,40,16,259435,13,2,9,15,5,7,21,34,8,14,7,6,3,7,0,38,4,5,13,15,0,1,7,0,2,4,6,15
326,ATA,19,7,14,2,18,5,1,2,13,4,4,2,260104,17,128,7,3,2,2,2,3,3,0,1,1,0,0,4,10,6,8,7,0,1,0,2,0,3,1,3,4,7,14,9,57,3,9,9,4,4,3,7,2,0,0,2,1,4,3,2,23,14,10,8
327,AGA,45,4,11,4,4,4,6,2,260522,8,17,2,18,2,1,1,2,4,3,0,0,0,1,0,17,9,3,2,10,1,1,1,0,1,2,2,6,12,5,0,36,3,3,7,2,4,1,3,2,3,0,2,2,9,2,0,4,2,0,4,1,4,0,0
328,CAA,78,1,1,1,7,10,5,4,1,11,9,3,6,3,3,5,260350,6,57,7,9,5,3,6,29,4,7,17,8,14,5,4,1,0,2,1,10,5,3,5,2,0,8,6,1,3,6,5,16,4,0,3,12,14,4,6,0,4,2,8,12,3,2,4
329,GCA,3,0,0,0,170,4,1,0,0,6,0,4,2,2,0,10,0,1,3,1,6,16,2,12,0,0,0,0,2,0,1,2,5,0,0,0,260039,6,20,4,3,0,1,2,119,3,1,1,1,0,6,0,24,9,0,4,0,6,0,2,3,1,1,0
330,CAT,9,10,5,45,5,11,10,4,0,5,5,9,2,2,4,0,18,40,8,260254,1,0,2,2,0,3,5,12,1,2,1,1,5,1,1,5,0,6,4,3,2,0,0,1,1,0,2,0,0,12,2,54,10,8,6,6,1,0,2,5,4,7,6,11
331,TGT,0,0,2,0,0,1,0,0,0,0,0,1,0,0,0,0,0,0,0,1,0,0,0,0,0,1,0,26,0,0,0,0,0,0,0,0,0,1,0,1,1,0,1,2,0,0,0,1,1,0,0,88,0,0,0,0,4,44,0,259997,0,0,0,6
332,AAT,16,16,16,259767,1,3,0,2,6,4,2,15,13,6,4,7,0,0,3,0,0,0,0,0,3,4,2,4,0,1,0,0,2,3,1,21,1,5,0,1,1,0,0,0,4,5,4,4,0,3,0,8,3,0,2,4,2,0,3,0,0,1,6,7
333,GTC,1,2,1,0,1,0,0,0,0,0,0,1,4,115,0,7,0,0,0,0,0,1,0,0,0,1,0,0,5,5,0,2,0,12,0,0,1,38,0,1,0,1,0,0,36,260441,5,65,0,0,3,3,0,0,0,0,1,0,0,0,2,11,14,0
334,AGT,5,5,8,119,8,7,2,10,16,53,0,260289,1,3,2,19,1,2,3,0,0,3,1,6,0,0,0,9,6,3,7,0,0,4,6,4,0,3,0,2,2,9,6,75,4,3,4,5,2,2,1,3,1,3,7,4,1,1,3,6,8,0,7,7
335,AAA,260364,6,39,4,10,4,5,8,16,2,2,2,16,6,9,0,3,2,3,4,2,1,0,4,0,6,4,3,7,3,2,5,18,4,7,0,0,5,7,8,0,0,10,9,7,6,4,3,3,7,1,4,4,2,3,1,0,0,2,2,2,5,2,0
336,GCA,8,4,1,3,163,4,2,3,8,7,1,1,5,4,1,2,7,1,11,5,11,12,2,8,3,6,6,1,3,1,2,3,46,2,8,4,260089,11,18,13,4,3,4,0,91,1,2,0,1,4,0,0,31,3,0,17,0,1,3,5,1,5,1,13
337,ACA,48,5,2,9,260346,12,62,17,6,7,2,7,51,6,3,4,3,6,5,4,9,2,2,4,4,3,3,6,3,7,1,8,6,1,2,3,26,5,3,4,2,0,2,5,1,5,6,1,2,4,2,5,16,7,3,2,0,0,9,3,4,6,9,4
338,TGG,0,1,0,0,0,1,0,0,0,0,5,0,0,0,0,0,0,0,0,0,1,0,0,0,0,0,11,0,1,0,0,0,0,0,2,3,1,0,0,0,0,1,2,1,1,0,1,0,0,1,43,0,0,1,1,0,58,4,260336,9,0,2,12,0
339,AAT,12,45,7,260182,1,3,2,8,6,4,3,14,2,1,4,8,0,8,3,9,0,0,0,0,1,4,2,3,2,2,0,5,0,2,10,10,7,5,3,2,3,5,14,3,7,3,5,4,1,8,0,17,5,4,0,4,0,0,0,4,13,1,3,7
340,GAA,87,4,1,11,22,2,8,8,7,1,5,5,10,5,5,4,8,13,5,2,4,1,1,4,4,4,3,2,4,1,0,1,260198,16,8,20,13,0,6,1,32,4,4,1,8,1,0,1,18,13,2,13,3,5,5,4,4,1,19,4,5,3,5,7
341,ACT,6,8,2,29,21,30,21,260364,6,0,7,20,18,12,7,60,13,10,2,8,0,1,1,3,8,9,2,13,15,9,1,8,11,0,0,0,13,14,6,23,5,7,11,9,5,2,6,2,2,0,0,5,6,4,2,16,2,9,3,11,6,5,4,2
342,TTG,0,0,0,0,0,0,0,0,0,0,0,0,7,3,22,11,0,0,1,0,0,1,0,0,0,0,0,0,10,10,25,2,0,0,0,0,0,1,0,0,0,0,3,0,3,2,9,1,2,0,1,0,0,0,15,0,0,3,8,0,55,0,260149,13
343,GGA,3,9,0,5,5,4,1,1,71,1,5,6,5,1,2,2,5,1,2,5,0,1,0,0,2,1,6,0,3,6,3,1,57,2,1,2,3,1,2,1,260128,2,40,5,12,1,1,4,0,1,2,4,4,4,1,1,13,2,5,2,2,4,5,5
344,AAG,88,5,259959,48,2,5,21,4,1,2,69,8,0,6,12,0,2,6,16,5,0,0,0,0,7,2,0,1,2,4,6,3,5,4,21,1,6,2,9,5,6,8,1,0,5,2,0,6,0,6,4,1,4,4,7,6,0,0,0,0,10,1,8,0
345,GTG,2,0,0,0,4,5,4,1,0,0,0,0,3,1,110,0,0,1,2,1,0,0,3,0,0,0,0,0,1,0,14,5,0,0,3,1,1,0,9,0,0,0,1,0,96,15,259963,24,0,0,0,0,0,0,0,0,0,0,2,1,5,0,37,0
346,GTC,0,2,2,0,2,1,1,3,0,2,0,0,4,83,0,4,3,0,0,1,0,1,0,0,0,0,0,0,0,1,0,0,0,7,2,4,6,112,6,5,1,4,0,2,31,260003,13,31,0,3,0,1,1,10,3,0,1,0,3,1,0,5,0,2
347,AAA,260469,4,50,20,12,6,6,4,27,3,7,5,13,3,4,11,8,3,8,2,0,0,3,2,9,6,4,4,13,4,3,9,14,4,13,6,5,7,7,3,1,4,5,4,7,2,4,3,11,4,0,2,3,1,4,6,0,4,8,4,2,8,3,2
348,CAA,39,2,0,3,3,2,7,2,3,0,3,8,0,9,1,2,260652,9,22,9,0,1,1,0,24,0,3,0,13,2,1,2,5,1,7,0,5,2,2,4,10,7,1,1,4,6,0,0,25,1,0,0,3,6,7,4,0,5,3,2,4,0,3,2
349,TTA,0,1,0,0,0,0,0,0,0,0,0,0,13,0,4,2,0,2,2,1,1,0,1,0,0,0,0,1,19,4,4,5,5,1,0,0,0,1,1,0,0,0,1,0,7,2,1,0,1,0,0,0,9,2,0,1,3,1,2,1,260461,7,69,11
350,AGA,43,2,11,2,9,5,2,1,260277,1,17,6,15,1,9,4,16,7,8,2,0,0,0,0,6,2,3,13,6,10,6,5,2,2,1,1,3,14,2,9,25,4,3,0,2,4,3,3,3,3,0,3,12,2,4,1,0,0,8,3,7,0,1,0
351,AAA,260489,8,21,1,17,8,10,2,8,5,7,1,13,0,18,2,3,10,3,8,0,2,2,4,3,8,4,4,8,8,8,11,17,3,1,1,2,4,8,2,1,5,9,3,3,11,2,5,6,11,0,7,1,4,5,4,3,3,4,0,7,5,12,6
352,CAC,6,38,2,0,13,2,9,4,2,7,1,3,1,7,6,1,34,260390,4,40,1,3,0,0,0,19,6,8,2,11,4,4,0,6,1,2,5,4,3,1,1,1,0,2,1,2,5,6,0,60,0,4,1,4,1,5,1,0,14,1,7,3,0,6
353,TTT,0,0,0,0,0,0,0,0,0,0,0,0,0,3,0,8,1,0,0,0,0,1,2,0,0,0,0,0,0,5,1,21,0,0,0,0,0,0,0,2,0,0,0,0,3,1,5,13,1,3,0,21,0,1,0,13,0,0,3,6,22,17,17,260658
354,GGG,5,1,4,0,3,3,4,2,3,18,68,5,4,0,4,4,1,4,0,0,6,7,7,2,6,5,3,3,0,1,7,0,5,1,71,4,8,3,3,2,103,7,260297,18,3,1,26,1,0,0,1,2,4,4,0,2,2,3,10,5,0,0,2,6
355,AAC,38,260244,7,94,1,9,9,2,11,22,3,3,0,7,6,2,5,6,3,3,3,5,0,2,0,1,4,8,2,6,1,1,2,42,2,2,8,4,2,0,0,3,2,2,6,4,7,9,0,8,0,3,8,0,9,7,1,3,2,0,0,2,3,4
356,AAC,43,260139,5,52,4,7,1,4,6,25,2,1,0,8,5,5,7,4,0,2,7,13,7,1,0,1,0,2,1,3,0,0,9,24,3,1,1,4,2,4,2,3,1,7,2,2,0,0,0,7,0,3,3,1,0,4,0,0,5,5,0,1,0,2
357,ACA,51,4,2,5,260296,6,18,17,3,2,5,1,48,2,5,15,6,0,5,3,4,5,1,0,0,6,0,0,2,3,2,2,6,0,0,2,23,2,1,8,2,1,2,1,3,0,4,1,0,1,1,2,6,9,4,9,0,0,0,0,3,0,0,4
358,ATA,13,7,4,1,27,9,0,0,10,1,3,1,260608,3,18,9,5,8,2,0,8,8,0,2,2,5,1,5,2,1,3,7,2,1,0,6,2,12,3,11,0,4,3,1,14,2,8,2,2,3,1,3,6,7,1,2,0,2,0,3,12,3,6,0
359,ATA,2,0,0,2,11,0,2,1,0,0,0,1,260747,8,92,12,1,1,0,0,0,0,0,1,3,0,2,0,7,0,5,3,0,1,0,1,0,0,0,0,0,0,0,0,12,3,4,4,1,3,0,1,3,0,2,0,0,0,0,0,5,3,6,2
360,AGA,89,7,5,10,8,7,6,9,260253,5,17,3,33,3,15,0,4,3,7,1,0,1,0,0,10,8,4,0,0,6,2,1,4,1,2,1,3,2,2,5,12,2,0,2,7,9,7,4,1,7,0,4,6,11,5,2,8,1,4,1,9,4,6,10
361,TTT,2,0,0,1,2,0,0,1,2,0,0,6,3,12,0,42,0,0,1,1,0,0,2,0,0,0,0,0,6,2,2,18,0,0,0,1,0,2,1,0,0,0,0,0,1,0,2,0,1,0,0,4,0,0,1,23,0,0,0,3,19,24,7,260271
362,GCT,10,8,8,7,6,6,9,207,4,9,4,4,8,3,4,2,2,2,2,3,0,1,0,1,9,3,6,4,7,11,4,4,8,1,5,30,23,59,8,259158,1,1,3,9,7,13,12,156,3,4,0,4,7,10,3,31,0,7,1,0,9,1,6,2
363,AAT,21,28,11,260161,4,8,2,4,3,1,2,14,3,4,6,11,6,0,7,5,3,3,3,1,1,9,7,2,5,1,3,3,1,6,10,24,2,1,8,3,1,2,6,8,1,1,1,2,1,5,0,2,4,3,5,2,0,3,0,8,5,0,4,1
364,TCC,0,4,0,2,0,6,1,2,0,5,1,0,0,1,7,0,0,5,0,2,8,32,4,5,0,0,0,0,1,1,0,0,1,0,1,0,11,8,10,5,1,1,2,3,3,0,1,0,1,10,0,2,34,260256,6,36,0,3,3,0,0,18,0,0
365,TCA,0,0,0,2,22,3,1,2,0,3,0,12,3,7,0,0,1,0,0,0,80,2,3,3,0,0,0,0,0,1,0,0,0,2,1,0,7,5,6,11,3,1,0,3,0,2,0,1,7,1,2,4,258737,16,188,5,4,4,0,0,18,2,0,1
366,GGA,4,0,0,0,0,0,0,1,38,0,0,0,0,0,0,0,2,1,1,0,0,4,1,0,3,0,0,0,3,0,0,1,26,0,0,0,0,0,0,0,259387,2,37,20,1,0,1,0,1,0,1,0,2,0,0,0,3,1,0,0,0,1,0,4
367,GGG,1,0,1,0,0,0,0,0,0,0,226,0,0,0,0,2,0,0,1,0,1,0,0,0,1,0,0,0,0,0,0,0,0,0,34,0,0,0,2,0,92,8,259718,28,2,0,14,0,0,0,0,0,0,0,0,0,1,0,15,0,0,0,0,0
368,GAT,0,0,0,45,0,0,0,0,1,0,0,1,0,0,2,0,0,0,0,0,0,1,0,0,0,0,1,2,0,0,0,0,2,12,1,261064,0,2,0,0,0,0,1,10,0,0,0,2,0,1,0,4,0,0,0,0,0,0,0,1,0,0,1,0
369,CTA,8,6,6,5,3,8,1,7,6,0,5,0,41,7,6,8,15,1,7,3,103,4,2,2,8,12,1,3,260459,14,94,9,0,2,0,2,4,2,2,2,2,5,0,4,11,1,4,2,0,10,1,7,8,1,3,3,0,0,3,0,50,12,7,18
370,GAA,39,2,0,1,1,1,0,0,0,0,0,0,0,0,0,1,2,0,0,0,0,3,3,0,0,0,0,0,0,0,0,0,261104,2,22,7,0,4,2,3,19,1,0,0,0,0,2,0,3,0,1,0,0,0,0,0,0,0,0,0,1,0,0,1
371,GTC,0,3,0,1,2,1,5,4,2,0,1,0,5,106,0,0,0,2,2,5,2,11,4,0,0,0,0,0,6,5,5,2,0,10,0,2,0,7,0,2,0,4,0,0,48,260927,14,35,0,1,0,2,1,0,0,0,0,0,2,0,0,10,0,0
372,ACA,23,4,7,4,260582,15,88,12,3,2,2,3,100,6,9,7,10,0,4,1,0,0,0,0,4,5,1,1,2,2,8,3,3,3,2,4,22,4,8,6,7,3,12,7,11,4,7,5,0,2,0,2,10,9,5,2,0,5,6,5,4,1,9,3
373,ACA,17,3,7,1,260713,12,20,6,11,11,1,5,25,0,6,0,7,14,9,12,0,0,0,0,5,5,7,1,20,1,3,4,4,4,1,2,19,17,15,3,7,11,21,8,0,10,7,2,2,13,1,3,28,2,9,12,2,5,7,2,4,2,8,13
374,CAT,0,9,0,17,2,6,6,2,0,6,0,0,0,0,4,1,17,26,0,260849,1,0,0,3,0,1,0,1,15,14,10,13,1,0,3,0,7,2,3,3,5,9,10,6,0,2,2,1,2,2,3,36,3,7,2,1,0,8,4,4,5,9,7,4
375,AGT,0,1,3,74,4,1,1,1,4,24,1,260914,2,2,0,27,1,1,1,0,0,3,0,0,0,2,0,4,7,0,1,4,0,0,0,0,10,2,7,4,5,8,1,36,1,7,4,7,0,1,0,3,2,3,2,1,0,0,1,3,0,0,1,2
376,TTT,0,1,0,0,2,0,0,0,1,0,0,0,1,4,3,1,2,0,7,1,0,3,0,0,0,0,0,2,1,8,4,10,1,0,0,0,0,0,0,0,1,0,1,0,1,3,1,1,1,0,0,2,0,0,1,11,0,1,1,0,15,40,2,261031
377,AAT,8,20,0,258073,3,10,2,7,0,6,1,18,8,0,0,12,1,4,5,8,2,3,2,8,5,2,0,0,2,0,0,1,8,0,3,64,0,2,0,7,2,2,9,0,3,0,0,0,2,0,1,1,0,5,3,1,2,2,6,2,3,0,2,1
378,TGT,0,0,1,2,1,3,2,4,0,0,0,12,0,0,0,1,1,0,0,0,0,0,0,0,0,0,1,9,2,0,0,8,0,0,0,0,1,0,0,0,0,0,0,4,0,0,0,4,0,0,0,72,0,0,0,1,3,24,7,258040,1,0,0,9
379,GGA,7,2,0,4,0,0,0,0,84,0,1,0,2,1,0,2,3,4,0,4,0,1,0,0,1,6,1,1,1,0,5,3,29,1,1,1,12,3,5,0,258999,2,95,10,4,2,0,2,0,0,0,0,4,2,0,0,12,0,3,0,4,3,0,1
380,GGA,2,3,2,16,0,2,0,2,88,1,2,0,0,0,0,0,2,1,2,1,1,0,0,1,8,1,2,0,0,0,0,0,32,1,1,1,1,2,0,0,259031,4,25,18,2,0,0,0,1,1,0,0,1,1,4,0,7,0,1,1,1,1,1,8
381,GAA,47,1,1,1,4,3,2,10,0,2,2,1,6,0,4,6,2,0,2,2,6,2,0,0,0,0,0,0,6,2,3,9,258287,4,20,11,2,1,1,4,15,3,4,0,0,1,3,5,5,0,0,3,0,2,4,0,0,6,0,0,4,0,1,0
382,TTT,0,1,2,6,3,2,0,0,2,2,7,0,1,1,1,54,8,6,0,6,7,4,1,4,1,0,4,2,3,0,1,10,0,6,0,0,0,1,0,3,0,0,0,0,0,0,0,2,0,8,1,8,2,0,3,9,0,1,3,5,15,30,1,258553
383,TTC,0,0,0,0,0,0,0,0,5,0,5,0,2,23,4,2,1,0,0,0,0,0,1,0,2,4,0,0,4,22,3,6,0,0,0,0,2,0,0,0,1,0,2,1,0,3,2,2,0,3,0,3,0,17,0,0,1,3,0,0,36,260193,8,80
384,TAT,0,6,0,20,3,6,4,4,0,11,2,7,1,1,13,8,7,5,8,32,0,0,0,5,2,0,2,2,10,4,9,16,2,0,2,0,10,0,6,3,0,2,0,1,4,8,3,7,7,29,1,258514,4,1,19,6,0,5,0,25,6,11,6,13
385,TGT,2,1,1,0,2,0,0,0,0,0,0,6,1,0,1,1,1,0,0,0,0,1,1,1,0,0,0,20,1,1,0,2,0,0,0,1,1,1,0,0,1,0,1,0,0,2,0,0,0,0,0,82,0,0,0,0,11,72,0,258132,0,0,0,9
386,AAC,28,258309,3,88,0,3,0,2,4,39,0,3,1,6,0,4,8,4,0,1,0,5,0,0,1,5,0,1,1,8,2,0,3,59,2,4,3,4,0,6,1,3,2,4,3,3,3,0,0,14,0,6,11,5,6,8,0,7,1,8,1,0,3,2
387,ACA,8,1,3,1,258274,20,20,9,1,1,0,1,35,0,0,0,0,0,1,0,1,0,3,0,0,0,0,0,0,1,0,0,0,0,0,0,11,0,0,1,0,0,0,0,0,0,1,0,0,0,1,0,7,4,2,3,0,0,0,0,0,0,0,0
388,TCA,2,7,3,0,13,9,3,3,1,3,2,0,2,0,3,1,7,5,2,3,23,1,0,0,4,0,1,0,1,0,3,4,1,1,4,0,6,6,3,2,12,3,3,7,0,0,4,0,3,4,0,1,257218,6,250,8,3,2,1,2,66,2,10,2
389,GGC,1,0,0,0,0,2,1,0,0,59,8,2,0,3,5,8,0,1,1,0,1,0,2,0,0,7,0,4,1,3,0,0,0,172,3,1,5,4,2,0,41,257095,8,95,5,21,0,0,0,0,1,0,0,0,0,3,0,30,1,2,0,1,0,0
390,CTG,0,0,0,0,0,0,1,2,0,0,2,0,0,0,49,1,1,1,8,1,0,0,65,0,0,0,9,0,129,16,254988,24,0,1,0,0,0,1,0,0,1,0,0,0,1,1,0,0,0,0,0,1,0,0,0,0,1,0,0,0,4,0,40,0
391,TTC,0,0,1,2,0,0,0,0,0,0,0,0,0,4,0,0,2,0,0,0,0,0,0,0,0,0,1,0,0,39,0,1,0,2,0,0,0,0,0,1,1,1,0,1,0,5,0,0,0,5,0,1,2,22,3,0,0,3,11,0,11,257034,0,49
392,AAT,23,21,0,259282,5,1,3,4,1,14,4,19,4,4,4,5,5,4,7,14,0,2,0,0,3,7,3,4,0,0,0,1,4,9,4,27,4,5,4,11,6,4,6,3,5,1,4,1,0,0,0,11,7,10,5,4,2,0,0,6,4,7,2,4
393,AGC,3,84,0,1,12,31,3,8,15,258778,2,99,0,17,3,0,2,17,2,3,0,1,1,1,0,1,1,3,1,1,2,9,0,1,2,6,5,3,7,7,8,98,4,6,0,5,0,2,0,2,0,0,8,4,8,8,1,5,7,3,3,7,0,2
394,ACT,6,10,10,33,25,56,14,258168,2,7,11,11,19,13,6,76,12,8,7,6,1,3,4,11,2,6,7,4,4,14,13,18,12,5,11,6,11,9,14,20,2,1,6,3,5,1,14,11,0,11,0,5,15,11,7,18,0,3,8,11,9,11,13,14
395,TGG,1,0,0,0,0,2,0,2,0,0,5,0,0,2,1,1,0,8,0,2,0,2,0,0,1,0,18,1,0,0,3,0,0,0,2,0,1,0,0,0,1,0,3,0,0,1,0,0,3,3,47,4,2,0,2,0,44,2,258991,5,1,4,4,4
396,ATT,5,12,7,38,15,15,1,28,11,4,4,3,11,27,12,258494,3,4,0,6,3,7,6,3,2,7,3,4,2,3,4,12,1,5,8,2,5,6,3,4,5,6,4,4,2,3,0,38,0,4,0,0,5,12,4,8,0,2,7,1,12,5,1,3
397,AGC,8,177,2,3,10,14,2,8,39,257835,12,246,1,40,6,8,10,5,8,5,8,5,12,16,1,7,6,8,5,5,8,2,3,9,5,6,4,10,2,3,0,160,13,5,11,8,3,11,1,6,1,5,8,3,1,9,5,3,8,3,6,21,6,1
398,AAT,30,31,18,259517,3,7,0,12,1,2,9,5,10,3,11,8,3,16,2,14,5,1,6,7,5,0,2,6,2,6,6,1,0,2,5,18,6,4,1,5,5,2,10,2,6,2,1,5,5,1,2,13,2,3,10,0,0,2,6,1,3,2,7,2
399,ACC,16,48,2,3,39,259562,29,65,7,13,13,21,12,69,3,12,9,24,3,11,0,24,5,4,4,3,2,6,3,26,4,13,7,13,7,12,7,94,3,7,8,12,14,7,7,3,4,10,1,15,0,16,8,25,2,8,0,5,8,13,9,8,10,9
401,AGC,13,101,18,8,14,19,8,5,53,258253,14,137,12,46,4,15,6,10,3,9,8,4,6,5,5,43,4,8,8,2,9,2,8,15,6,9,3,13,14,3,5,268,9,11,6,12,6,3,0,10,0,8,10,7,7,11,0,28,21,13,16,6,6,13
402,GTG,9,1,8,6,4,8,7,8,3,13,6,21,7,2,179,3,14,5,7,2,6,5,13,10,7,5,13,3,9,6,15,13,2,4,21,6,11,7,31,6,7,7,8,8,251,15,258562,36,0,0,2,3,12,9,7,3,0,5,13,9,6,11,48,10
403,CAG,2,3,17,3,5,7,16,5,10,1,10,9,2,7,2,4,97,18,258994,83,17,12,23,8,5,8,135,11,0,3,4,0,4,7,12,4,6,13,9,1,5,4,18,10,8,4,16,6,0,10,208,11,5,9,9,9,0,3,16,2,5,15,19,16
404,GGG,2,6,6,4,1,3,6,0,3,3,93,5,3,1,2,1,5,0,7,3,3,6,3,5,10,1,19,5,6,2,0,4,4,8,70,1,3,6,10,5,159,12,259638,27,5,2,25,1,0,5,0,11,4,3,2,7,3,4,31,3,1,2,0,0
405,TCA,8,2,1,1,19,3,9,4,2,3,1,4,2,9,6,8,17,1,1,7,137,11,10,11,3,1,9,3,2,11,9,5,5,5,8,4,8,4,7,12,15,8,13,6,18,10,2,9,14,9,1,5,258758,23,65,17,1,10,14,9,61,1,5,14
406,AAT,84,31,10,259522,18,15,10,27,12,19,12,25,6,12,8,28,23,5,4,15,5,3,10,10,6,8,4,8,15,4,12,12,7,10,11,32,2,9,6,7,3,19,8,20,10,8,4,13,1,10,0,19,11,4,12,18,0,5,4,8,17,5,16,18
407,AGC,18,179,7,8,8,20,10,21,63,258777,11,150,7,46,6,12,4,15,3,6,12,19,10,8,7,16,16,13,10,18,9,13,7,9,14,8,17,24,21,13,16,152,28,39,17,23,30,36,0,12,2,1,15,7,11,9,3,26,10,15,8,30,7,14
408,ACG,3,19,34,9,87,26,258260,65,4,19,23,9,9,14,158,19,6,16,12,18,15,10,20,5,14,33,29,33,10,6,17,20,12,21,17,12,13,11,79,17,15,10,20,36,14,13,47,25,1,16,0,12,7,16,22,6,1,9,26,12,14,6,24,19
409,GGG,0,8,4,6,4,14,12,8,12,23,80,9,1,10,11,8,7,9,5,3,5,39,10,14,9,14,25,19,5,7,12,11,7,8,141,17,12,17,10,13,154,27,258305,56,20,21,52,13,1,13,5,8,16,7,8,7,1,16,70,19,4,7,20,12
410,TCA,2,7,2,6,5,8,9,5,3,5,3,2,2,5,1,7,5,9,0,3,116,12,7,2,4,2,4,9,0,2,4,5,1,3,10,3,16,7,10,1,6,6,10,6,6,8,7,5,6,7,0,0,259974,5,76,6,1,4,5,7,54,12,6,11
411,AAT,40,23,17,259653,16,7,7,11,14,11,10,37,7,5,5,6,3,3,8,14,7,10,1,14,9,2,6,12,6,6,4,4,12,2,6,25,12,4,5,5,4,7,5,19,13,0,13,9,0,6,0,9,10,9,13,9,0,8,5,6,16,7,1,6
412,GAC,7,41,8,9,12,9,20,10,5,8,10,10,5,4,8,2,2,20,1,13,2,22,6,20,4,5,5,0,9,14,2,10,52,259250,14,103,7,22,15,18,9,107,0,21,13,12,2,13,0,28,0,4,11,8,6,5,0,5,6,14,2,14,14,10
413,AGT,4,0,4,95,10,11,3,12,17,60,17,171715,2,10,8,36,1,3,5,9,7,0,0,3,7,3,11,14,5,6,7,16,0,4,5,8,6,5,6,6,7,10,10,101,14,13,19,12,1,10,1,9,12,6,10,10,0,6,28,20,9,0,13,15
414,ATA,2,3,0,0,6,0,2,0,0,0,0,0,163269,5,27,14,0,0,2,1,0,0,1,0,5,0,2,0,3,3,0,3,0,0,0,0,1,1,0,1,0,0,0,0,17,4,3,1,0,4,0,1,1,0,1,0,0,1,4,0,9,3,7,7
415,ACT,1,5,2,28,7,28,6,172557,3,0,8,6,5,6,4,53,3,8,0,2,2,4,3,3,1,7,3,0,0,4,1,5,3,0,0,0,10,1,1,25,5,0,5,4,2,3,4,2,0,7,1,8,4,1,6,13,0,3,8,8,3,4,1,3
416,CTC,0,0,0,0,0,0,1,0,0,0,0,0,2,21,6,1,0,2,1,1,0,22,0,0,1,0,0,0,33,172784,10,27,0,0,0,0,0,0,0,2,0,0,1,0,1,2,3,3,0,0,0,3,0,0,2,0,0,0,0,3,1,18,3,1
417,CCA,4,0,2,0,18,0,2,1,0,2,1,1,0,0,0,0,14,5,2,1,172657,9,18,7,2,3,2,0,21,0,0,2,1,0,6,1,6,3,11,0,0,1,2,0,5,2,0,1,0,2,0,4,32,4,2,0,0,0,1,1,3,1,4,4
418,TGC,0,0,0,0,2,0,0,0,0,0,0,0,1,1,0,0,0,0,0,1,1,0,0,0,0,10,0,0,0,0,1,0,0,1,0,0,0,0,0,0,0,2,0,1,0,1,1,0,0,70,0,0,0,2,0,0,4,172369,3,231,1,5,1,1
419,AGA,51,1,6,3,3,1,3,0,172702,0,14,5,2,0,1,2,1,3,0,5,0,2,0,0,2,5,2,3,0,2,0,1,1,0,0,4,2,2,0,4,45,1,3,0,1,0,0,0,0,7,0,0,1,5,1,0,3,0,3,0,2,4,2,1
420,ATA,4,1,0,1,6,2,2,0,6,0,0,2,172652,0,13,2,1,3,0,2,7,3,11,3,1,3,4,1,4,4,2,3,3,0,1,3,1,1,2,0,2,3,1,2,5,0,4,0,0,0,0,3,1,0,0,3,0,1,0,2,3,0,1,1
421,AAG,113,0,172759,7,1,3,0,0,3,0,13,1,0,0,1,0,0,2,3,1,0,1,3,0,2,2,0,5,0,0,0,1,0,0,11,0,1,0,2,1,0,0,0,0,1,0,0,0,2,0,4,0,0,1,1,1,0,0,0,0,0,1,0,0
422,CAA,13,2,1,0,3,1,0,0,1,1,2,2,1,0,0,0,172775,4,15,3,1,2,0,0,7,4,1,2,0,2,0,3,2,0,0,0,1,0,3,1,0,0,4,1,2,0,0,0,32,1,0,2,1,1,1,0,0,0,0,0,0,3,2,0
423,ATT,1,0,1,11,1,4,1,9,1,1,0,2,14,14,4,169180,2,0,0,0,1,0,0,1,0,0,0,0,0,1,1,0,0,0,0,0,0,0,2,0,0,0,0,0,3,7,1,10,0,0,0,2,0,1,0,0,0,0,2,1,1,6,0,17
424,ATA,10,5,4,6,8,2,3,3,8,8,3,3,171589,5,24,6,4,8,3,8,0,0,0,0,8,0,4,3,2,7,1,2,3,0,1,0,1,2,1,0,1,1,2,1,6,6,6,1,0,1,0,8,5,8,0,0,0,0,1,0,12,8,7,4
425,AAT,22,7,1,172412,3,4,1,5,1,5,3,9,2,1,6,7,2,4,6,15,0,0,0,3,2,2,0,2,1,5,1,0,0,0,1,26,3,1,3,2,5,2,5,4,6,3,2,2,2,4,0,12,3,3,0,3,0,0,3,0,1,0,1,2
426,ATG,8,9,4,6,1,0,8,1,4,1,12,1,60,4,172602,16,1,0,0,0,5,1,0,0,0,1,4,1,3,1,4,3,1,2,0,1,1,2,2,0,3,4,2,5,3,1,33,3,0,4,0,3,2,5,1,3,2,0,2,0,5,2,1,2
427,TGG,0,0,0,1,0,0,0,0,0,0,4,0,0,0,0,0,0,2,0,0,0,0,0,0,0,1,5,0,0,0,1,0,0,0,0,0,0,0,0,0,0,0,0,0,0,0,0,0,1,1,26,0,0,0,0,0,88,2,172705,1,0,0,6,0
428,CAG,1,2,4,2,3,5,3,3,0,14,0,13,3,2,0,4,48,10,172050,22,3,1,3,0,0,0,24,1,2,3,2,5,1,1,1,0,1,4,4,6,1,0,1,0,4,4,3,4,0,2,76,1,1,2,3,5,0,1,4,0,1,4,3,0
429,AGA,91,5,3,2,5,15,7,3,172615,3,11,4,15,1,6,0,6,3,4,5,0,0,0,0,7,6,7,7,4,1,0,0,3,1,1,2,0,0,1,6,33,0,8,1,0,1,3,0,0,3,0,3,2,0,3,8,5,2,3,0,4,3,1,2
430,ATA,12,9,0,2,29,8,8,3,0,0,1,3,172398,4,83,13,4,3,4,2,5,1,7,8,0,0,0,2,8,9,7,4,1,0,0,0,2,5,9,6,5,1,2,5,15,5,10,1,2,7,0,7,3,4,2,3,2,1,5,0,8,5,0,5
431,GGA,17,17,8,11,2,1,1,1,85,6,9,8,1,1,4,2,16,7,9,2,0,0,2,0,10,9,7,9,1,5,1,9,27,2,6,3,8,20,7,4,172172,7,37,19,7,4,2,1,2,0,3,2,8,6,8,15,53,1,4,3,5,1,2,2
432,CAA,47,14,11,22,13,18,6,9,6,8,7,7,10,16,9,12,171802,26,51,15,32,18,9,21,20,13,5,5,15,19,9,16,13,5,10,6,4,4,2,9,4,5,1,6,6,10,5,0,20,9,1,25,14,14,6,18,0,11,4,3,19,5,7,19
433,GCA,3,4,4,4,117,12,4,6,5,6,6,0,1,2,12,12,11,4,3,5,0,0,0,0,6,5,4,9,4,2,7,6,8,4,1,7,172081,19,29,17,19,1,15,11,108,5,10,5,0,12,0,10,25,10,2,11,2,3,7,6,12,5,9,6
434,ATG,3,0,8,0,6,3,15,1,1,0,1,2,96,3,171986,24,0,1,1,3,0,0,2,0,1,0,3,0,9,4,3,5,2,0,0,0,2,1,2,1,3,0,0,3,3,2,13,1,0,0,0,2,0,0,2,6,1,2,1,3,6,2,18,2
435,TAT,0,0,0,1,1,0,0,0,0,0,0,1,1,0,3,0,1,0,0,40,1,0,0,0,0,0,1,0,1,3,3,1,1,1,0,0,0,3,4,6,0,2,2,0,0,0,1,0,4,19,5,172797,1,0,0,0,0,0,10,24,3,1,2,3
436,GCC,3,3,4,2,3,121,3,0,2,5,2,0,6,6,2,9,2,0,3,0,1,7,0,2,0,3,5,1,0,2,2,0,2,7,1,0,18,171756,12,40,0,8,2,2,11,396,8,3,0,3,1,0,4,9,1,0,0,0,1,3,3,3,3,4
437,CCT,2,0,2,2,3,5,1,13,2,0,0,0,5,1,5,5,5,2,3,13,17,66,10,172285,0,3,0,1,4,8,3,56,1,2,0,1,1,0,0,1,2,3,0,1,3,3,13,9,0,3,0,1,1,1,1,20,2,3,1,4,2,2,11,4
438,CCC,0,3,0,1,4,20,10,8,4,2,0,4,4,0,7,4,1,25,1,2,40,172327,3,33,2,7,1,5,1,33,2,3,0,0,0,0,2,15,4,0,4,2,2,0,2,4,4,6,1,1,0,0,3,17,5,15,0,5,0,0,2,3,1,0
439,ATC,0,5,2,1,0,39,1,4,1,3,6,2,26,172537,8,17,2,2,8,0,0,1,1,1,0,0,1,2,0,5,1,5,0,1,1,0,1,3,0,1,0,2,1,1,5,19,7,1,0,3,2,2,5,3,3,0,0,0,2,2,3,5,3,3
440,CAA,20,1,0,1,2,3,2,2,5,6,7,3,0,0,4,3,172425,4,60,9,16,7,7,6,11,4,11,4,5,0,1,1,6,8,2,2,11,3,4,3,3,1,2,1,4,5,10,7,16,0,0,2,3,4,1,8,0,7,1,3,0,0,0,0
441,GGA,3,3,1,2,4,3,6,1,45,1,12,4,3,0,1,1,9,0,2,3,2,2,5,2,8,3,3,6,2,0,2,0,46,0,3,2,1,1,4,1,170689,4,26,12,18,1,1,4,0,6,0,5,2,3,3,1,12,1,0,0,1,0,1,1
442,GTA,2,2,8,1,2,3,1,1,2,1,6,0,108,8,0,1,2,1,2,1,7,3,3,2,8,3,5,0,7,0,3,1,22,3,1,3,30,1,5,4,6,1,0,1,171583,4,18,17,0,1,0,3,3,3,3,4,0,1,0,2,11,5,0,2
443,ATA,9,0,3,5,18,5,1,3,4,1,7,6,172302,4,58,9,5,3,4,3,11,4,0,3,1,0,1,4,4,2,5,5,1,0,3,0,6,5,2,2,9,3,0,7,8,10,6,8,0,6,2,3,3,0,1,10,1,3,1,1,9,2,5,2
444,AGA,45,8,7,5,3,7,2,2,172173,1,12,9,18,2,1,0,5,5,1,3,3,0,0,0,3,5,8,0,3,1,3,2,4,4,3,1,3,2,6,0,21,4,8,0,7,4,7,0,1,6,1,0,9,1,6,0,3,4,10,1,1,5,4,1
445,TGT,1,0,1,0,3,1,0,0,0,1,0,5,0,0,1,0,1,1,0,1,1,0,0,1,1,0,0,11,1,0,0,0,0,0,0,0,0,0,0,0,0,0,0,2,0,0,0,0,0,0,2,22,0,5,0,0,4,24,3,172102,3,0,0,1
446,GTA,6,4,7,4,8,2,4,3,6,6,5,5,118,8,1,2,8,8,5,0,1,4,1,2,4,6,5,9,8,1,1,1,18,5,4,0,47,6,6,5,5,6,11,14,172321,8,16,5,0,1,1,5,6,8,8,1,0,4,8,11,12,3,2,2
447,TCA,0,2,0,8,5,2,1,0,0,6,0,6,0,2,2,0,8,3,4,1,10,1,0,0,3,0,0,0,0,0,1,0,0,0,1,2,2,0,5,1,1,4,0,5,0,0,1,0,7,3,0,2,172190,1,30,1,1,2,0,0,9,6,0,1
448,AAC,24,172606,2,33,1,0,6,4,1,10,3,2,0,2,0,2,3,4,2,0,2,0,0,0,4,4,0,5,0,0,1,0,0,10,3,4,1,1,0,0,2,0,1,0,2,3,0,2,0,1,1,2,2,4,1,1,0,0,0,0,2,1,1,1
449,ATT,0,0,0,8,0,1,0,14,0,0,0,2,20,27,1,172782,1,0,0,0,0,0,0,2,0,0,0,0,1,0,0,1,0,0,2,0,0,0,0,1,0,0,2,1,3,0,1,9,0,1,0,0,0,0,1,0,2,0,0,0,0,0,1,1
450,ACA,8,2,1,1,172518,18,130,9,1,1,0,1,82,0,0,0,0,0,0,0,1,0,0,0,0,0,0,0,0,0,0,0,0,0,1,0,16,0,0,0,0,0,0,0,0,0,0,0,0,0,1,0,2,2,0,1,0,0,0,0,1,0,1,0
451,GGG,0,0,0,0,1,0,0,0,2,1,21,1,2,0,0,0,0,0,0,0,1,0,0,0,0,0,0,0,0,0,0,0,0,0,34,1,0,0,3,1,123,10,172310,30,0,0,5,0,0,0,0,0,1,1,1,2,0,0,22,0,0,0,1,0
452,CTA,0,0,0,0,0,1,0,2,2,0,1,0,29,3,1,8,3,1,0,0,26,0,0,1,1,0,0,0,171990,10,22,7,0,0,0,0,6,1,2,0,0,0,0,0,3,1,3,5,1,0,0,0,1,0,3,0,0,4,1,0,35,1,4,1
453,ATA,6,1,2,1,9,7,0,1,1,0,2,0,172514,4,12,7,0,0,0,1,1,2,2,0,0,1,0,2,10,1,2,1,0,0,2,0,1,0,7,1,0,0,0,1,20,4,11,8,0,3,0,1,1,0,1,0,0,1,0,0,6,1,2,3
454,TTA,0,1,0,0,0,0,0,0,2,0,1,0,10,2,2,4,0,0,0,0,0,0,0,1,0,0,0,0,17,6,4,2,2,0,3,0,2,0,0,0,0,0,0,0,3,4,1,3,3,0,2,0,4,2,0,1,0,0,1,1,172279,3,21,3
455,ACA,5,2,0,0,171942,9,42,18,1,5,0,4,20,0,1,1,6,1,2,1,1,0,1,0,0,0,0,0,0,0,2,1,2,0,3,0,12,3,0,2,5,2,0,3,0,4,2,1,1,2,0,6,17,13,4,9,0,1,0,1,2,3,0,3
456,AGA,33,0,0,2,1,0,1,0,172473,2,30,3,9,0,0,0,2,1,0,1,0,0,0,1,6,5,6,5,2,0,0,0,0,0,0,0,0,0,0,0,9,0,0,0,0,0,0,0,0,0,0,3,0,0,3,1,3,0,1,0,0,1,0,0
457,GAT,0,1,0,17,1,2,0,2,1,0,1,0,0,0,0,0,0,0,1,1,1,0,2,2,0,0,0,1,0,0,0,0,6,10,0,171927,0,0,0,0,0,0,1,7,0,1,0,0,0,0,1,1,0,0,0,0,1,0,0,0,0,0,0,0
458,GGT,0,1,0,0,0,0,0,0,2,2,0,24,0,0,0,0,0,0,0,0,0,1,0,1,0,0,0,1,0,0,0,0,0,1,0,26,0,0,2,0,19,18,13,171304,1,0,1,2,0,1,1,1,0,1,0,0,0,0,1,6,0,2,0,1
459,GGG,0,0,1,0,0,0,0,0,0,0,32,0,2,2,0,4,0,0,0,0,0,2,2,0,0,0,2,0,0,0,0,0,2,2,62,0,0,3,3,1,60,3,169770,8,0,1,11,0,0,0,0,1,0,0,0,0,1,0,6,0,0,0,0,0
460,AGT,1,3,2,119,3,3,1,3,19,41,11,172061,1,0,0,12,6,1,1,2,7,3,7,6,5,4,2,8,0,3,3,3,0,2,3,1,1,2,2,3,3,7,10,53,1,0,1,1,0,1,0,1,6,3,1,1,1,3,12,5,0,2,2,3
461,ACT,1,12,8,18,7,79,7,171551,2,10,6,5,13,3,6,36,8,8,0,8,10,14,1,4,3,6,9,5,2,3,2,0,4,8,5,8,4,9,6,38,5,11,5,19,8,9,6,5,0,6,2,11,7,8,1,9,1,1,1,2,3,2,10,3
462,AAT,44,13,3,171915,5,2,4,10,4,2,3,12,3,6,4,7,3,1,3,7,4,2,4,8,5,2,4,0,4,5,8,4,4,6,10,57,5,0,3,7,0,3,12,6,4,3,14,9,0,2,2,1,5,2,9,5,0,4,3,3,5,8,9,4
463,AGT,6,2,2,86,3,8,3,9,8,69,7,171458,3,10,2,9,4,5,6,7,2,4,9,8,5,9,4,2,2,8,2,4,1,2,6,2,3,6,4,10,1,6,13,52,7,2,3,7,0,2,0,10,5,5,10,7,2,3,8,6,9,1,2,5
464,ACA,18,8,4,5,169452,6,16,13,7,3,0,4,47,5,8,2,8,6,7,15,4,2,6,5,8,1,5,8,3,10,8,1,6,5,4,5,30,1,7,2,8,8,7,8,4,5,11,4,1,1,2,8,5,5,6,7,0,9,0,9,10,10,4,4
465,ACT,6,6,5,35,13,82,7,170771,4,4,11,21,1,14,7,39,1,2,3,6,0,0,0,5,3,2,1,1,5,9,9,8,2,4,5,5,4,12,4,18,5,6,14,5,6,6,3,5,0,5,0,8,3,3,7,19,0,2,2,2,14,6,6,5
466,GAA,46,2,1,4,0,0,0,1,1,0,0,0,0,2,1,0,4,2,7,0,1,0,0,0,0,0,0,1,0,0,0,0,171903,6,17,5,0,0,1,0,7,1,0,0,0,0,0,0,1,1,0,0,0,0,0,1,1,0,0,0,0,0,0,0
467,ACC,0,6,0,0,29,171965,2,25,1,4,0,0,2,45,4,2,3,1,0,0,0,0,0,1,0,0,0,0,1,2,2,0,0,1,1,1,0,6,0,0,1,0,0,0,6,2,2,4,0,0,1,1,1,4,1,1,0,8,3,1,3,0,0,2
468,TTC,0,0,0,0,0,0,0,3,0,0,0,0,0,8,0,5,0,0,0,0,0,0,0,1,0,0,0,0,4,53,3,4,0,0,0,1,2,2,1,0,1,0,0,0,0,6,3,3,0,7,0,0,3,34,2,0,0,0,2,0,9,165899,5,57
469,AGA,25,3,0,3,0,0,0,3,169754,0,35,0,0,0,0,0,0,0,3,1,0,2,0,1,17,7,2,9,0,0,0,0,0,1,0,2,0,1,1,0,80,0,0,1,0,0,0,0,0,0,0,0,0,0,0,0,8,0,1,0,0,17,0,0
470,CCT,0,0,1,0,0,3,0,2,18,0,0,1,0,0,0,1,0,2,0,11,12,161,12,169027,0,0,0,0,0,0,1,24,0,0,0,1,1,3,0,2,1,2,0,0,0,0,0,0,1,0,0,1,1,0,0,9,2,0,0,0,0,0,0,0
471,GGA,0,5,3,6,7,9,1,3,26,5,1,8,0,5,9,7,4,9,3,1,0,0,1,18,0,0,0,0,7,4,0,4,35,4,4,6,12,3,8,11,169645,10,125,18,11,7,7,5,0,10,2,6,6,3,3,11,4,1,2,4,4,11,4,3
472,GGA,1,3,1,2,3,3,1,0,18,0,0,1,0,0,0,0,1,0,0,0,1,0,0,0,2,0,1,0,0,1,0,0,22,2,2,0,2,0,3,0,167297,10,78,14,5,0,0,1,3,0,0,0,0,1,0,0,12,2,0,0,2,0,2,2
473,GGA,0,1,1,0,0,1,0,0,18,0,0,0,0,0,0,0,0,0,0,2,1,0,0,1,1,0,0,0,0,1,0,1,23,0,0,0,0,0,2,2,161659,10,127,20,6,0,0,3,0,2,1,0,0,0,0,0,7,0,2,0,0,0,0,0
474,GAT,3,3,0,53,0,0,0,2,0,3,3,11,0,0,1,2,5,12,3,8,0,1,0,0,0,3,2,1,0,1,3,0,13,19,0,169973,1,3,6,8,5,0,0,4,0,3,2,5,0,7,1,9,4,2,3,1,1,2,3,3,1,3,4,2
475,ATG,0,0,6,2,3,2,8,0,2,1,2,1,42,17,170172,48,3,0,12,0,6,3,3,3,2,0,0,0,13,4,30,8,0,0,2,1,8,5,3,2,0,3,4,0,6,5,31,5,0,2,2,0,0,0,1,1,2,0,3,2,8,0,9,2
476,AGG,7,3,57,2,2,3,6,7,48,5,166270,17,2,7,69,0,3,4,3,6,0,0,0,0,3,6,23,3,4,0,7,0,5,1,5,0,3,2,9,1,1,7,59,2,3,1,5,1,0,2,1,1,0,2,7,1,0,0,12,2,3,2,3,0
477,GAC,0,49,0,1,3,0,1,2,1,0,2,0,0,0,0,0,0,2,0,0,0,0,0,0,0,0,0,0,0,0,1,0,12,169219,6,43,0,3,1,0,0,13,3,1,0,0,2,1,0,8,0,1,3,1,1,1,0,0,2,0,0,0,2,0
478,AAT,13,22,4,170596,5,3,4,11,0,1,2,14,7,1,11,6,5,0,6,3,2,0,0,1,1,2,1,0,8,8,7,9,0,2,0,19,0,2,0,6,2,0,2,2,11,6,3,7,1,0,1,0,5,2,2,1,0,8,0,10,8,0,3,0
479,TGG,2,0,1,0,0,0,0,0,0,0,8,0,2,4,2,7,0,0,0,0,1,0,0,0,1,0,6,0,1,3,1,6,0,0,1,0,0,0,0,3,0,0,5,0,1,4,4,2,0,1,34,0,0,0,0,0,17,1,171060,4,0,2,13,2
480,AGA,86,2,7,0,5,1,5,1,170505,1,8,3,17,7,3,6,3,2,1,3,0,2,0,0,12,1,1,2,0,2,2,1,1,0,2,2,13,5,0,5,35,4,0,2,0,3,2,2,2,0,1,0,0,4,2,1,7,3,4,0,0,0,2,4
481,AGT,3,1,0,60,3,2,4,8,5,22,3,170171,0,1,1,15,1,4,2,10,1,1,1,2,0,0,0,0,4,5,0,3,0,0,0,0,2,6,0,1,1,2,5,14,5,6,3,6,0,3,0,6,1,0,3,0,0,1,0,1,3,2,5,4
482,GAA,41,0,0,0,0,0,0,0,0,0,0,1,0,0,0,0,4,2,1,1,1,0,0,0,0,0,0,0,0,0,1,0,171925,1,16,5,1,1,1,0,3,0,2,0,4,0,0,2,8,0,0,0,0,3,1,0,2,0,0,0,0,0,0,0
483,TTA,2,0,0,0,2,2,0,1,0,0,0,0,33,1,3,2,0,0,0,1,1,0,0,2,0,0,0,0,13,2,2,2,0,0,1,0,1,0,0,0,0,0,1,0,4,3,4,0,8,2,2,1,17,0,0,0,4,2,2,3,171071,3,11,3
484,TAT,2,6,0,4,0,0,0,0,0,1,0,1,1,0,3,1,1,7,0,9,0,1,0,0,2,3,0,0,2,4,7,3,1,1,2,2,6,2,0,10,2,3,5,0,2,1,6,3,29,17,4,171940,10,4,0,0,0,6,8,12,4,0,7,12
485,AAG,51,10,172060,33,2,1,8,3,2,6,32,5,1,1,9,11,2,0,11,3,2,2,5,0,3,4,1,0,1,1,0,2,5,1,48,1,2,4,1,2,2,1,5,2,2,4,3,2,0,1,1,5,1,6,3,0,0,1,1,1,3,3,9,1
486,TAT,0,0,0,6,0,0,1,0,0,0,0,0,0,0,0,0,0,0,0,8,0,0,0,0,0,1,1,0,0,0,2,0,0,0,1,0,1,0,0,0,0,0,0,0,0,0,0,1,9,5,2,171257,0,0,2,0,3,0,0,6,0,0,0,1
487,AAA,171784,0,49,7,1,1,1,0,22,0,1,0,6,0,0,0,0,2,0,0,0,0,0,0,1,0,1,1,0,1,0,0,12,0,0,0,0,0,0,0,1,0,0,0,0,0,0,0,6,0,0,0,0,0,0,0,0,0,0,2,0,0,1,0
488,GTA,0,0,3,0,1,2,5,0,0,0,0,3,55,2,1,4,0,2,0,0,3,1,0,0,0,0,0,0,4,1,2,0,8,0,0,0,7,0,2,2,2,0,0,0,171057,0,19,11,0,0,0,0,0,0,0,2,0,0,0,6,11,2,3,0
489,GTA,0,0,0,0,1,1,0,0,0,0,0,0,54,3,0,4,0,0,0,0,0,0,0,0,0,0,0,0,1,2,0,1,13,1,0,0,18,0,1,0,0,0,0,0,170864,0,29,7,0,0,0,0,0,0,0,0,0,0,0,1,7,0,0,0
490,AAA,167797,4,8,5,6,5,3,2,10,1,12,8,11,5,8,2,16,2,2,0,2,0,0,4,5,2,2,1,5,2,1,2,16,0,4,4,7,1,8,1,1,1,7,4,5,6,5,4,8,1,1,2,7,0,4,4,4,0,4,2,9,1,8,0
491,ATT,1,1,0,14,6,5,0,17,0,0,0,4,7,16,10,168542,0,1,0,7,0,0,0,0,0,0,0,0,1,4,4,6,0,0,1,0,1,3,0,2,0,0,0,1,9,7,10,16,0,4,1,8,3,0,0,5,1,0,0,2,3,0,6,61
492,GAA,59,5,4,5,6,8,1,2,11,5,4,4,3,0,8,4,9,3,3,3,2,0,3,0,2,0,5,1,2,2,7,2,170091,10,88,6,10,8,2,1,43,0,1,4,12,8,7,8,3,5,4,5,0,6,6,0,2,7,4,6,3,4,1,3
493,CCA,1,1,0,1,8,0,1,0,0,3,0,2,0,1,2,0,2,0,4,0,170140,6,10,3,0,0,0,0,19,0,0,1,0,0,0,0,11,1,2,0,1,0,1,3,0,1,2,0,1,0,0,0,24,2,1,2,1,3,0,1,4,1,2,1
494,CTA,1,0,0,0,0,3,0,3,2,0,2,0,45,9,1,9,1,0,0,0,10,0,0,0,1,0,0,1,169891,9,97,18,2,0,1,0,0,0,1,0,0,0,1,0,15,11,4,7,2,1,0,0,0,0,0,0,0,1,0,4,33,0,5,0
495,GGA,0,3,0,2,0,0,1,1,21,3,1,3,1,1,0,0,1,0,0,0,0,0,0,0,0,0,0,2,2,3,1,0,25,1,0,0,6,6,5,3,170280,5,32,4,4,1,1,0,0,0,0,1,1,1,4,3,8,4,0,2,1,0,0,0
496,GTA,0,0,0,3,4,3,1,5,0,0,0,0,91,3,7,6,0,0,0,0,0,2,0,0,0,0,0,0,3,6,1,4,5,0,0,1,9,0,0,1,0,0,0,0,170692,8,131,12,0,0,0,3,2,0,1,0,1,1,0,5,18,5,7,3
497,GCA,0,1,0,0,94,0,0,0,0,1,0,0,3,0,0,0,1,1,0,1,4,0,0,0,1,0,0,0,0,0,0,0,4,1,0,1,170781,4,33,6,0,1,6,3,162,3,1,7,0,0,0,0,4,0,0,1,1,0,0,1,0,0,0,0
498,CCC,1,0,2,0,1,7,0,0,0,1,0,0,0,0,0,0,0,7,4,0,24,167958,6,27,0,0,1,0,0,11,0,0,0,0,3,1,0,0,0,0,0,0,1,0,0,0,2,0,1,0,1,0,1,31,0,0,2,0,0,0,1,0,1,1
499,ACC,0,10,0,3,21,171412,14,76,0,8,0,3,0,12,0,1,0,2,3,1,1,3,1,0,0,0,0,0,0,1,0,0,0,0,3,4,0,1,0,1,1,4,2,1,0,0,0,1,2,2,3,0,0,7,4,2,1,0,4,0,0,0,0,0
500,AGG,3,2,59,0,1,4,4,0,50,3,171402,4,2,0,29,0,1,3,0,1,0,2,2,5,4,4,11,2,4,2,5,1,2,0,1,0,1,0,8,1,2,2,108,1,2,2,6,4,0,0,1,0,0,0,4,1,5,1,17,0,7,0,2,3
501,GCA,1,0,0,0,102,0,0,0,0,4,0,2,0,0,0,0,1,1,0,0,0,0,0,0,1,1,0,0,0,0,0,0,8,0,0,3,171421,3,31,15,3,2,1,2,39,1,2,0,0,0,0,2,20,4,0,5,0,0,0,0,0,0,0,0
502,AAG,49,0,171072,7,0,0,9,0,10,1,39,0,4,1,777,3,0,5,7,3,0,2,0,0,6,6,2,9,3,1,9,2,2,0,32,0,0,0,2,0,0,0,4,0,2,2,4,2,0,1,1,0,1,0,1,0,0,1,0,4,2,0,2,2
503,AGA,26,1,1,0,0,0,0,0,171942,0,27,2,1,0,0,0,0,0,0,0,1,0,0,0,4,7,8,5,1,0,0,0,0,0,0,0,4,1,0,0,9,0,1,5,1,0,4,1,0,0,0,0,0,0,0,0,8,0,0,0,0,0,0,0
504,AGA,31,3,6,2,1,1,0,0,170466,2,23,8,39,5,9,8,5,3,4,3,6,3,0,4,10,3,7,6,14,4,3,0,1,0,1,2,5,2,8,3,27,2,2,1,2,7,19,5,1,13,1,10,2,0,2,0,6,3,7,8,10,9,3,12
505,GTG,0,1,1,1,1,7,6,1,0,1,1,3,2,1,43,1,3,0,0,0,0,0,0,0,2,0,0,0,2,0,4,2,1,1,3,2,2,0,16,2,1,3,6,3,54,8,171906,15,1,0,4,0,4,4,4,2,0,6,2,3,5,0,8,1
506,GTG,0,0,1,1,2,2,0,2,0,1,3,1,3,2,38,3,0,0,0,0,0,0,3,0,0,0,0,0,1,0,5,1,0,0,3,0,0,0,8,1,0,1,1,1,36,1,172426,38,1,2,0,1,2,0,0,0,1,0,4,0,3,0,5,1
507,GGG,0,4,6,2,9,12,5,4,4,6,64,2,0,3,8,0,4,4,4,4,1,1,6,9,7,7,25,7,5,3,1,3,9,14,141,3,0,14,14,5,54,22,170746,23,12,6,23,2,0,2,3,1,13,4,13,4,0,1,31,1,0,6,11,3
508,AGA,38,1,7,0,2,1,0,2,171868,6,52,1,4,2,0,0,3,2,3,1,2,2,0,0,9,3,6,14,2,1,0,4,2,0,2,1,4,2,2,0,44,3,7,2,2,1,1,5,0,0,3,3,2,1,0,1,1,0,5,1,1,2,1,6
509,GAA,87,10,1,3,2,5,0,2,15,4,4,7,1,4,2,14,11,2,2,5,6,2,7,6,2,2,5,7,2,1,3,6,172026,12,19,13,8,9,8,15,28,7,7,10,13,12,11,10,10,4,1,4,0,8,5,1,1,1,3,1,6,4,6,2
510,AAA,172182,2,15,2,7,10,2,13,16,2,0,4,4,6,1,2,5,2,8,8,10,5,4,6,7,2,5,5,11,9,1,3,10,2,5,1,4,11,1,3,4,0,8,1,8,3,6,7,1,1,2,2,4,11,2,9,3,1,1,1,2,1,4,1
511,AGA,26,0,9,0,1,0,0,0,171248,1,40,1,0,3,5,0,0,4,0,3,0,0,0,0,10,5,18,4,1,0,1,0,1,0,0,0,0,1,0,0,511,1,0,3,0,0,0,0,1,2,1,0,0,0,2,1,6,0,4,0,0,1,1,0
512,GCA,0,4,0,3,61,6,2,4,0,9,0,1,1,1,3,0,2,0,5,1,0,0,0,1,3,1,0,0,0,2,2,2,12,4,4,9,171856,6,39,9,10,5,9,10,169,3,13,7,0,2,0,1,14,1,7,4,0,0,4,2,2,1,2,3
513,GTT,1,0,0,1,6,5,1,5,0,5,0,1,0,3,6,34,0,4,0,1,2,17,1,1,0,0,0,0,1,2,3,3,0,0,0,7,6,5,7,19,0,3,1,4,7,24,9,176005,2,1,2,1,10,3,5,5,0,0,2,0,2,4,4,21
514,GGA,5,6,0,4,7,4,2,5,29,2,0,1,3,2,1,4,5,7,6,4,8,1,2,1,4,0,2,3,3,1,1,5,60,4,6,6,6,8,4,0,178750,4,39,6,24,0,4,0,0,0,0,0,2,5,0,1,11,4,2,3,0,4,6,2
515,ATA,1,2,0,1,26,13,4,3,3,5,0,7,178529,7,93,15,2,2,1,5,13,7,10,10,0,0,0,1,13,6,2,6,1,0,0,0,11,8,0,6,1,2,3,0,14,3,3,4,2,3,0,6,1,18,8,8,0,0,3,1,5,7,6,7
516,GGA,4,9,0,0,6,0,0,0,25,3,0,1,6,2,2,3,3,1,1,2,3,0,1,0,0,0,0,0,2,0,5,1,38,1,2,3,1,0,1,0,178679,0,26,7,7,3,8,1,2,0,0,3,7,3,6,0,9,3,3,3,5,4,1,2
517,GCT,0,0,2,0,0,0,0,40,0,0,0,0,0,0,0,0,1,2,2,0,0,1,1,2,0,1,0,0,0,0,2,0,0,1,0,3,4,33,4,178968,0,2,0,3,0,0,2,48,0,0,0,0,0,0,0,7,0,0,0,0,0,0,0,0
518,GTC,0,0,0,0,2,4,5,2,0,0,0,4,0,64,3,2,0,0,0,2,0,0,1,0,0,0,0,0,2,0,0,5,0,2,0,1,5,54,2,9,8,9,7,11,24,178818,8,32,0,1,0,0,3,1,1,2,1,0,0,0,3,8,1,5
519,TTC,0,0,0,0,1,2,4,14,0,5,0,3,8,15,0,7,1,1,0,0,1,0,0,3,0,0,0,0,0,18,0,1,0,0,0,0,1,2,1,4,1,2,0,2,5,9,4,5,3,1,0,5,4,18,2,1,1,0,0,0,13,179115,4,15
520,CTT,0,0,0,0,0,5,0,2,0,1,0,0,0,0,0,37,3,1,1,13,0,0,5,35,4,0,0,4,4,20,0,178868,0,0,0,0,0,2,0,1,0,0,0,0,0,1,0,6,0,1,0,2,2,2,1,2,0,0,0,0,0,1,1,30
521,GGG,0,0,0,0,0,0,1,0,0,4,21,3,0,0,4,0,0,0,0,0,0,1,0,0,0,0,0,0,0,0,0,1,0,0,19,0,0,0,0,1,47,10,176946,22,1,0,6,0,0,0,0,3,4,0,4,1,0,0,7,0,0,3,2,0
522,TTC,0,1,0,0,0,1,0,0,0,0,0,0,0,3,0,0,0,0,0,0,0,0,0,0,0,0,0,0,1,10,0,0,0,0,0,0,0,1,0,1,0,0,0,0,1,2,0,0,1,4,0,0,1,5,1,0,1,3,0,2,7,178912,1,20
523,TTA,0,0,0,0,0,0,0,0,0,0,0,0,3,1,3,0,0,0,0,0,0,0,0,1,0,0,0,0,53,0,3,0,0,0,0,0,1,1,1,0,0,0,0,0,10,2,0,2,0,0,3,0,15,0,0,0,1,1,0,2,178180,3,82,1
524,GGA,0,1,0,5,3,6,1,1,27,8,0,3,1,3,0,6,7,3,0,3,0,2,0,0,3,0,3,0,1,2,1,3,17,0,0,2,8,10,2,4,175702,10,26,10,7,2,1,1,4,3,2,6,3,4,9,5,13,3,5,0,1,3,2,6
525,GCA,0,0,0,0,148,8,3,1,0,0,0,0,0,0,0,0,0,0,0,0,4,0,0,0,0,1,0,0,3,4,0,2,4,0,0,0,178512,5,25,3,3,3,1,1,90,0,0,0,4,1,0,2,22,13,6,7,0,1,4,2,2,0,1,0
526,GCA,0,0,0,0,127,0,0,0,0,2,0,0,0,0,0,0,0,0,0,0,3,0,1,0,0,0,0,0,0,0,0,0,1,0,0,1,178328,24,138,21,4,3,0,1,44,2,0,0,0,1,0,0,3,9,0,0,0,0,0,1,0,0,0,0
527,GGA,0,0,0,0,0,0,0,0,28,2,1,3,1,0,0,0,0,1,0,1,0,0,2,0,1,1,0,0,4,1,0,0,24,2,0,1,3,4,11,2,178951,23,27,11,1,0,0,1,4,0,1,1,4,1,1,4,9,0,0,3,0,0,0,0
528,AGC,0,65,0,0,0,2,2,0,7,178425,3,73,1,2,1,0,0,1,0,0,0,0,0,0,3,0,0,0,0,1,0,1,0,0,0,0,1,0,2,2,1,35,3,0,0,0,2,3,1,1,0,0,0,1,0,0,0,7,1,1,0,0,0,2
529,ACT,0,0,0,4,17,72,12,179023,1,0,0,1,2,2,0,20,0,0,0,0,0,0,0,0,0,0,0,0,0,0,0,1,0,0,0,0,0,0,1,5,0,0,0,0,0,0,0,0,0,1,0,1,0,1,1,3,0,0,0,0,0,0,0,1
530,ATG,0,0,1,0,0,0,3,0,0,0,6,0,14,0,178949,9,0,0,1,0,0,0,0,0,0,0,0,0,0,0,5,0,0,0,2,0,0,0,0,0,0,0,2,0,0,0,18,0,0,0,4,0,0,0,0,1,0,0,0,0,0,0,8,0
531,GGC,0,0,0,0,0,0,0,0,0,42,0,0,0,0,0,0,0,0,0,0,0,0,0,0,0,0,0,0,0,0,0,0,0,25,0,0,0,1,0,0,5,178365,1,63,1,2,1,0,0,0,0,0,0,0,0,0,0,9,0,0,0,0,0,0
532,GCG,0,0,0,0,0,0,61,1,0,0,0,0,0,1,0,0,0,0,0,0,0,0,0,0,0,0,0,0,0,0,0,0,0,0,0,0,161,6,178363,12,0,2,0,0,2,0,96,1,0,0,0,0,0,0,4,0,0,0,0,0,0,0,0,0
533,GCG,0,0,0,0,0,0,67,0,0,0,0,0,0,0,0,0,0,0,0,0,0,0,0,0,0,0,0,0,0,0,0,0,0,0,5,0,194,14,178376,18,0,0,14,0,0,0,111,0,0,0,0,0,0,0,4,0,0,0,0,0,0,0,0,0
534,TCA,0,0,0,0,13,7,10,2,0,1,0,2,0,0,2,1,0,0,0,0,25,0,0,0,0,0,0,0,2,1,0,3,0,0,0,0,22,3,6,22,4,10,7,7,1,1,0,1,12,0,1,0,178480,15,88,19,3,6,0,1,31,3,3,0
535,ATG,0,2,5,1,1,0,20,1,0,1,0,0,49,3,178586,15,0,0,0,0,0,0,0,0,0,0,0,0,1,3,5,0,0,0,0,0,0,0,0,0,0,0,0,0,0,0,19,0,3,0,1,1,0,0,0,1,0,0,2,0,8,0,9,6
536,ACG,0,0,6,0,121,0,178638,8,0,0,5,0,0,0,99,0,0,0,1,0,0,0,0,0,0,0,0,2,0,0,0,0,0,0,2,0,0,0,30,0,0,0,0,0,0,0,0,0,0,0,0,0,0,0,5,0,0,0,0,0,0,0,4,0
537,CTG,0,0,0,0,0,0,0,0,0,0,0,0,0,0,9,0,0,0,0,0,0,0,29,0,0,0,1,0,24,1,179061,2,0,0,0,0,0,0,3,0,0,0,0,0,0,0,3,0,0,0,0,0,0,0,1,0,0,0,0,0,0,0,29,0
538,ACG,0,0,6,0,38,0,178562,9,0,1,3,0,0,0,128,0,0,0,0,0,0,0,1,0,0,0,0,0,0,0,0,0,0,0,0,0,0,0,26,0,0,0,0,0,0,0,0,0,0,0,0,0,0,0,2,0,0,0,0,0,0,0,1,0
539,GTA,0,0,0,0,0,0,0,0,0,0,0,0,68,0,0,0,0,0,0,0,0,0,0,0,0,0,0,0,4,0,0,0,6,0,0,0,48,0,0,0,12,0,0,0,178904,0,17,1,0,0,0,0,0,0,0,0,0,0,0,0,6,0,0,0
540,CAG,1,0,2,0,1,0,0,0,0,0,0,0,0,0,0,0,57,5,178784,14,0,0,1,0,2,0,91,0,5,3,12,1,0,0,0,0,0,0,0,0,0,0,0,0,0,0,0,0,0,0,51,0,0,0,0,0,0,0,0,0,0,0,0,0
541,GCC,0,0,0,0,0,97,0,0,0,0,0,0,0,0,0,0,0,1,0,0,1,1,0,0,0,0,0,0,0,0,0,0,0,0,0,0,8,177924,0,19,0,0,0,0,0,51,0,0,0,0,0,0,0,4,0,1,0,0,0,0,0,0,0,0
542,AGA,21,1,0,1,1,1,0,0,178710,6,8,2,2,0,3,0,0,0,2,0,0,0,0,0,0,0,2,0,0,0,0,0,0,0,1,0,0,1,0,0,8,4,2,11,0,0,0,0,0,0,0,0,0,1,0,0,2,0,2,0,0,0,0,0
543,AAT,18,24,2,178721,6,2,0,1,2,2,0,9,0,0,1,2,3,0,2,7,1,4,1,0,0,1,4,0,1,0,0,0,1,0,4,12,1,1,0,0,0,0,1,2,0,0,0,0,0,1,0,3,0,5,1,0,0,0,0,0,0,0,1,0
544,TTA,0,0,0,0,0,0,0,0,0,1,0,1,7,0,0,0,1,0,0,0,0,0,0,0,0,0,0,0,7,0,0,0,0,0,0,0,2,0,0,0,0,0,0,1,1,0,0,0,7,0,0,0,16,0,0,1,0,0,2,0,179041,2,28,1
545,TTA,0,1,0,0,0,0,0,0,0,0,0,0,11,0,1,0,0,0,1,0,0,0,0,0,1,0,0,0,15,2,5,0,1,4,2,1,0,7,2,1,1,2,1,0,3,2,7,0,5,2,0,0,4,0,1,0,0,0,0,3,178930,1,25,1
546,TCT,0,0,0,4,0,2,1,3,0,0,0,0,1,3,0,5,1,0,0,5,0,0,0,5,0,1,0,2,1,1,7,3,0,1,0,3,0,0,0,0,0,0,0,0,0,0,0,3,1,2,0,11,5,37,3,178992,0,2,0,1,0,0,0,21
547,GGC,0,0,0,0,0,0,0,0,0,14,0,0,0,0,0,0,0,0,0,0,0,0,0,0,0,0,0,0,0,0,0,0,0,128,0,0,0,0,4,0,22,176738,8,110,0,7,2,0,0,0,0,0,0,0,0,0,0,1,0,0,0,0,0,0
548,ATA,2,0,2,0,11,0,1,0,3,3,1,0,178030,2,53,0,5,0,2,2,2,1,1,0,0,1,0,0,5,1,0,0,0,2,0,0,0,3,5,0,0,2,0,0,13,1,2,1,2,1,0,1,1,0,0,0,0,0,1,0,3,1,2,0
549,GTG,0,0,0,0,0,0,0,0,0,0,0,0,0,0,38,0,0,0,0,0,0,0,0,0,0,0,0,0,0,0,0,0,0,0,1,0,0,0,26,0,0,0,0,0,73,0,177365,6,0,0,0,0,0,0,0,0,0,0,0,0,0,0,4,0
550,CAA,4,0,0,1,0,4,5,0,0,0,0,1,0,2,0,0,178428,6,51,10,1,0,0,0,22,1,0,1,6,4,0,1,2,2,0,2,0,1,0,2,0,0,0,0,0,0,0,0,67,0,0,1,2,0,2,0,0,0,2,0,0,2,0,1
551,CAG,0,0,13,0,1,2,2,0,0,2,0,1,0,0,0,1,94,2,177903,9,0,0,2,0,0,0,19,0,0,2,6,0,0,0,2,1,2,1,3,0,0,0,4,0,0,0,0,0,0,0,27,0,0,4,2,0,1,0,5,0,0,2,1,0
552,CAA,2,0,0,0,0,2,0,0,1,1,0,0,0,0,0,0,178090,2,8,3,0,0,0,0,22,2,3,0,1,0,0,0,0,0,0,0,0,2,2,0,0,0,0,0,0,0,1,0,23,3,0,0,1,0,0,1,0,0,2,0,0,0,0,0
553,AGC,0,74,0,0,0,2,0,0,17,178282,2,60,0,17,0,0,1,1,0,1,0,0,0,0,0,8,0,0,0,1,1,0,0,7,1,0,0,4,0,1,0,15,2,0,0,0,0,0,0,1,0,0,0,0,3,0,0,0,1,0,0,4,0,0
554,AAT,9,12,3,178659,1,0,1,0,1,0,0,9,2,0,0,5,5,1,1,1,0,0,0,0,2,0,0,0,0,0,0,0,0,1,0,7,1,3,2,2,5,3,7,7,5,3,0,2,1,1,0,8,0,2,1,0,0,0,1,5,4,0,0,2
555,TTG,0,0,0,0,0,0,0,0,0,0,0,0,0,0,14,0,0,0,1,0,0,0,0,0,0,0,0,0,0,0,10,0,0,0,0,0,0,0,0,0,0,0,0,0,1,0,8,0,0,0,0,0,0,0,4,0,0,0,0,1,47,2,178543,3
556,CTG,0,0,0,0,0,0,1,0,0,0,0,0,0,2,2,1,5,5,5,3,0,0,24,0,8,8,1,1,32,13,178441,7,0,1,0,1,0,0,0,0,0,0,0,0,0,0,2,0,0,1,0,0,0,0,0,0,0,0,1,0,4,2,90,0
557,AGG,2,1,49,5,3,6,4,2,23,0,177347,10,0,3,40,0,1,4,6,4,0,1,1,0,3,1,11,3,0,1,0,1,0,2,0,0,4,5,7,3,0,2,66,1,0,1,3,1,0,2,0,3,3,5,9,3,0,0,11,1,6,1,2,1
558,GCT,0,1,0,0,1,4,0,137,0,0,0,2,0,0,1,4,0,0,0,0,0,0,0,2,0,0,0,0,1,0,0,0,0,1,1,9,14,88,7,178565,1,2,0,2,1,1,4,25,1,0,1,1,1,0,0,10,5,0,0,1,0,0,0,0
559,ATA,1,0,0,1,10,0,0,0,5,0,0,0,177967,1,81,15,0,1,0,1,0,0,0,0,0,0,0,0,18,0,5,1,0,0,0,0,0,0,0,0,0,0,0,1,18,6,9,0,0,4,1,0,0,0,0,0,0,0,1,0,8,2,5,0
560,GAG,1,0,22,0,0,0,0,0,0,0,2,2,0,0,2,2,0,0,1,0,0,0,0,0,1,0,1,3,0,0,4,0,29,0,176765,9,0,0,1,0,0,0,27,0,0,0,31,0,0,0,12,0,1,0,0,1,0,1,0,4,0,0,1,1
561,GCT,0,0,1,0,1,1,0,90,0,0,0,2,3,0,1,1,2,1,0,1,0,0,0,1,0,0,0,1,1,2,1,2,0,0,0,6,11,31,2,177925,0,0,1,1,0,2,3,35,0,1,1,3,0,0,5,10,0,2,5,0,8,0,2,6
562,CAA,2,0,0,0,0,0,0,0,0,0,0,0,0,0,0,0,177498,2,15,5,0,1,0,0,23,0,1,0,1,2,0,0,2,0,0,0,1,0,2,0,0,0,0,0,1,0,0,0,11,0,0,1,2,1,0,0,0,0,0,1,0,0,0,0
563,CAA,1,0,0,1,3,2,0,2,0,0,0,0,0,0,0,0,178357,7,3,3,0,0,0,0,10,0,0,4,2,3,2,3,1,0,0,0,1,0,1,0,0,2,0,1,0,2,0,0,9,0,0,1,0,0,0,3,0,0,1,0,1,1,0,0
564,CAT,1,6,0,36,1,0,2,7,2,0,0,8,1,0,1,3,10,14,3,176574,0,0,0,1,1,0,6,11,4,2,3,6,3,1,2,2,1,1,0,2,0,2,0,2,1,0,1,3,2,0,0,47,1,4,1,4,0,0,2,0,0,0,0,1
565,CTG,1,0,6,0,0,2,6,0,0,0,0,0,2,0,29,0,0,0,18,0,0,0,42,0,0,0,4,1,35,1,179033,0,0,0,0,0,0,6,7,1,0,0,0,0,0,0,6,3,0,0,2,0,0,0,3,0,0,1,1,0,1,0,29,2
566,TTG,0,0,0,0,3,0,0,0,0,0,0,2,0,0,3,0,1,0,0,0,0,0,0,0,0,0,0,0,0,0,13,1,0,1,0,0,0,0,0,0,0,0,0,0,0,0,1,0,0,0,1,0,0,0,47,0,0,0,0,0,19,0,179151,3
567,AAA,179249,0,16,1,3,0,2,4,27,2,5,6,3,0,0,0,0,0,2,0,0,0,0,0,6,1,6,7,0,0,0,1,16,0,0,1,3,1,3,2,4,2,4,8,1,0,2,0,0,1,0,0,5,1,1,5,2,0,0,0,0,0,0,0
568,CTC,0,1,0,0,2,0,0,6,0,0,0,0,1,10,3,1,0,7,0,0,1,24,0,0,1,3,2,0,5,179072,6,15,0,0,0,0,4,3,1,4,2,2,6,0,0,6,0,2,0,0,0,0,3,1,0,6,0,0,0,0,0,19,0,0
569,ACG,0,5,10,8,88,6,174229,68,1,1,1,10,0,0,148,2,1,43,0,5,0,0,3,0,1,0,2,2,2,0,0,0,0,1,0,0,1,4,37,0,2,8,17,8,0,0,1,1,0,0,0,1,3,11,13,14,1,0,0,0,0,0,1,1
570,GTC,0,2,0,0,1,3,0,5,0,2,0,2,0,44,2,0,0,1,0,1,0,0,0,0,0,0,0,1,0,5,2,9,0,1,0,0,5,31,5,3,0,0,0,37,11,165354,4,11,0,3,0,3,1,1,6,5,0,0,0,0,2,13,0,6
571,TGG,0,0,0,0,0,0,0,0,0,0,3,0,0,0,0,0,0,0,1,0,0,0,0,0,0,0,59,0,1,0,33,0,0,0,0,0,0,0,0,0,0,0,9,0,0,0,0,0,0,0,17,0,0,0,1,0,13,1,171308,12,0,0,2,0
572,GGC,0,0,0,0,1,0,2,0,0,32,0,0,0,0,0,0,0,0,0,0,0,1,0,0,0,3,0,0,0,0,0,1,0,142,0,0,4,2,4,0,12,173993,4,76,0,2,0,0,0,0,1,1,1,1,2,0,1,10,0,1,6,0,0,0
573,ATT,0,1,0,1,5,14,20,71,0,0,0,4,11,39,4,175758,0,0,0,0,0,0,0,0,0,0,0,0,4,8,6,6,3,0,12,0,2,6,10,11,2,1,0,0,3,6,10,25,0,1,0,0,2,2,0,1,0,1,0,1,3,0,1,1
574,AAA,178604,9,16,1,3,5,1,3,18,0,5,1,1,2,0,0,3,4,0,4,0,0,0,0,2,5,4,4,0,0,1,0,16,0,2,1,0,0,1,0,1,1,1,1,2,0,0,1,2,0,0,0,0,2,0,0,1,0,0,1,0,0,1,0
575,CAG,2,5,13,3,8,3,16,3,1,1,4,8,3,3,2,4,124,7,177123,17,0,0,4,0,0,2,43,2,0,0,1,1,6,0,15,0,7,0,15,6,4,3,13,4,7,2,19,6,4,2,58,2,2,5,6,8,0,0,5,2,0,1,0,4
576,CTC,0,0,0,0,0,5,0,3,0,0,0,0,0,7,2,0,1,0,1,0,0,17,0,1,0,1,0,0,7,170431,5,24,0,0,0,0,0,0,0,0,0,0,0,0,0,5,0,0,0,0,0,0,1,0,0,3,0,2,0,0,0,17,0,4
577,CAG,0,0,12,0,4,0,2,3,0,1,0,2,1,0,0,2,41,11,177545,17,0,0,4,0,0,6,105,1,3,2,10,0,2,0,6,0,2,3,4,1,3,0,2,1,0,0,2,0,0,0,26,0,2,0,3,0,0,0,5,0,0,0,3,0
578,GCA,0,0,2,0,124,5,4,2,1,3,0,5,5,2,2,2,1,0,1,0,2,0,3,0,1,1,0,1,1,0,3,0,6,0,2,0,175201,13,24,2,1,0,0,0,22,5,0,0,0,1,0,1,8,1,5,4,1,3,0,6,1,0,0,1
579,AGG,0,0,50,0,0,0,2,0,53,1,177831,11,2,0,35,0,0,0,0,0,0,0,0,0,5,5,17,4,0,0,0,0,0,1,0,0,0,3,0,0,0,1,33,0,0,0,0,0,0,0,0,0,0,1,0,0,0,0,12,0,0,2,0,0
580,GTC,0,0,0,0,0,0,0,0,0,0,0,1,1,86,0,3,0,0,0,0,0,0,0,0,0,0,1,0,0,19,0,0,0,0,0,0,0,23,1,0,0,1,0,1,10,171821,3,15,0,0,3,0,0,0,0,1,0,0,5,1,0,17,2,0
581,CTG,0,0,4,3,0,4,4,2,1,1,2,0,2,5,9,4,5,0,15,6,4,2,21,0,1,4,6,9,43,10,177677,29,0,1,1,4,5,2,5,6,0,0,1,0,0,3,14,3,0,3,2,2,0,0,2,0,0,4,3,3,1,1,13,1
582,GCT,0,0,0,0,0,1,1,101,0,0,0,3,0,0,0,2,5,0,1,3,0,0,2,2,0,2,0,0,4,1,2,1,1,0,0,3,4,17,1,177209,1,2,0,3,0,3,1,77,0,0,0,4,2,2,0,39,0,1,0,3,1,1,0,0
583,GTG,0,2,0,1,1,5,6,3,0,2,1,0,0,2,68,1,7,3,6,3,1,0,0,0,0,0,0,2,5,4,12,7,1,1,3,0,4,8,98,15,2,5,3,2,36,11,176894,14,2,0,0,0,5,1,0,0,1,5,0,2,5,0,7,0
584,GAA,22,3,0,3,2,1,0,0,0,0,0,0,1,0,2,1,2,0,2,1,0,0,0,0,0,0,0,0,1,0,0,0,178479,6,28,9,0,0,0,0,21,0,0,0,3,0,0,0,5,1,0,1,3,1,0,4,0,0,3,0,0,0,0,0
585,AGA,42,0,6,1,3,2,1,3,177938,3,21,7,11,2,3,3,3,4,2,2,0,0,0,0,12,3,3,4,0,1,0,2,5,5,3,0,1,0,1,4,29,3,8,1,3,0,0,2,0,3,0,2,1,0,3,0,0,1,9,0,1,1,4,0
586,TAC,2,28,1,1,1,5,1,5,3,0,0,0,0,5,1,0,0,9,0,1,0,0,0,0,0,1,0,0,1,5,0,3,1,0,1,2,0,2,0,5,0,1,0,0,0,2,2,0,2,175689,0,21,2,4,0,1,0,17,1,4,2,9,0,0
587,CTA,0,0,0,0,7,3,2,0,0,0,0,0,6,0,0,0,0,0,2,0,22,0,0,0,3,0,0,0,176636,4,18,2,2,0,4,0,4,2,3,0,0,0,0,0,0,0,0,0,0,1,1,0,7,0,8,1,0,1,0,0,8,2,5,0
588,AGG,0,0,40,1,1,0,0,1,39,0,177606,9,0,3,27,3,0,0,3,1,0,0,2,0,0,3,3,2,0,0,4,1,0,0,0,0,1,0,2,0,0,0,49,3,0,1,4,0,0,2,0,1,0,0,0,0,0,1,2,11,0,1,7,0
589,GAT,0,4,1,32,7,0,5,2,1,0,1,4,4,3,5,2,0,3,3,3,0,0,1,2,0,0,2,0,0,0,0,3,9,21,2,175542,1,1,2,4,3,2,5,9,1,3,4,2,1,3,0,7,2,2,2,4,0,0,2,2,0,2,2,1
590,CAA,23,2,4,2,3,8,3,2,18,0,11,4,5,3,4,5,177651,9,23,2,0,0,0,1,34,1,5,5,3,1,0,7,4,5,5,1,0,1,0,1,1,2,5,3,9,5,9,4,25,1,1,4,0,0,1,2,0,3,3,0,5,7,3,5
591,CAG,0,0,7,1,0,0,0,0,0,0,3,0,0,0,3,0,46,0,176111,3,0,0,2,0,0,1,58,0,0,2,9,1,0,0,2,0,1,0,3,3,0,0,0,0,0,0,3,1,1,0,16,2,0,0,4,0,0,1,0,1,0,0,4,0
592,CTT,0,1,3,1,0,0,0,0,0,0,0,0,0,3,0,2,3,6,0,8,0,0,0,4,4,5,6,6,15,33,8,176755,2,0,0,0,0,1,0,0,0,0,0,0,0,1,2,1,0,3,0,2,0,1,0,1,0,2,0,0,1,13,6,23
593,CTA,1,0,0,0,0,0,0,0,1,0,0,0,16,10,2,6,0,0,0,1,19,3,0,0,3,4,4,2,177008,4,73,14,0,0,0,2,0,0,0,1,0,3,0,0,3,3,4,1,1,0,0,1,0,0,0,1,1,1,0,1,23,1,6,3
594,GGA,17,8,8,16,9,10,4,7,72,7,16,11,6,6,11,9,11,12,6,12,3,0,0,0,20,6,16,17,9,4,4,1,30,4,3,0,18,17,15,14,177442,29,17,10,23,10,7,4,0,25,0,10,14,14,6,10,15,2,9,1,6,12,2,12
595,ATT,0,1,4,6,4,0,2,20,2,0,0,4,17,19,8,177198,0,0,0,1,0,0,0,0,0,0,0,0,15,6,14,10,0,0,0,2,0,1,2,0,3,1,4,1,5,6,1,10,1,2,3,1,1,0,0,1,0,1,1,3,23,0,14,3
596,TGG,0,1,0,0,0,0,2,0,0,0,3,0,5,14,3,7,0,0,3,0,0,0,0,0,0,1,36,1,1,0,4,1,1,0,0,1,0,2,1,2,2,2,11,0,6,2,2,1,1,0,43,1,0,0,1,0,41,4,176043,28,1,4,10,13
597,GGC,0,0,0,0,0,0,0,0,0,29,0,0,2,1,1,0,0,0,0,0,1,1,0,0,0,1,0,0,1,0,0,0,2,68,0,0,0,0,2,0,28,174890,16,86,0,7,0,3,0,0,0,0,0,0,0,0,2,10,0,0,0,0,0,3
598,TGC,2,0,0,1,0,0,1,0,0,0,0,1,0,2,0,0,0,0,0,0,0,1,0,0,0,16,0,0,0,0,0,0,0,0,0,0,0,0,0,0,0,0,0,0,1,0,0,0,0,138,0,1,0,0,0,0,4,177606,0,54,0,2,0,0
599,TCT,2,0,2,2,4,3,2,9,0,2,2,3,2,6,2,3,2,2,1,4,2,4,0,28,2,1,0,0,4,3,10,4,0,4,1,0,0,1,3,11,7,0,3,3,2,7,9,11,0,2,1,14,12,168,14,176891,0,2,6,3,2,4,19,24
600,GGA,4,1,6,2,4,6,4,7,59,15,11,14,1,2,12,1,5,5,4,5,0,0,3,4,8,5,11,4,1,1,2,9,44,0,2,5,17,7,0,7,177639,22,42,35,11,5,6,4,3,3,3,5,8,5,3,11,7,3,11,6,7,3,13,12
601,AAA,178289,4,19,2,1,2,0,3,16,1,12,5,1,0,5,3,6,4,0,10,1,2,0,0,2,2,10,10,1,4,0,1,10,0,1,0,0,2,0,0,0,0,0,0,2,0,0,2,5,0,1,4,5,3,1,3,0,0,3,3,4,2,1,4
602,CTC,2,0,2,1,1,0,2,0,1,0,0,0,3,18,4,2,1,4,0,0,0,18,0,0,1,4,0,0,18,176498,14,27,0,0,0,0,1,0,1,0,1,0,0,0,1,5,2,2,2,2,3,1,1,1,1,4,0,2,0,1,5,19,7,7
603,ATC,0,4,1,0,0,4,0,1,1,3,0,0,25,174748,6,41,0,0,0,1,0,2,0,0,2,2,0,1,0,2,1,1,0,0,0,0,1,0,0,2,0,0,0,0,2,16,2,3,0,2,0,0,0,2,1,0,1,1,1,0,1,8,0,1
604,TGC,0,0,0,0,0,0,0,0,0,8,0,1,0,0,0,0,0,0,0,0,2,0,0,0,0,27,3,1,1,0,0,0,0,0,0,0,0,1,1,0,1,0,0,1,1,1,1,0,0,93,3,0,0,4,1,2,3,177347,1,141,0,4,0,0
605,ACC,1,7,0,3,21,178089,5,40,0,3,0,0,5,39,2,3,1,2,1,5,3,9,1,1,2,0,0,0,3,0,4,5,0,0,2,2,5,14,1,3,2,0,0,1,4,2,5,2,0,2,0,1,3,3,4,5,0,9,2,6,1,8,4,0
606,ACT,0,0,0,3,9,67,2,178281,0,3,0,4,0,0,0,15,0,0,0,0,0,0,0,2,0,0,0,0,0,0,0,0,0,0,0,0,0,0,0,8,0,0,0,0,0,0,0,0,0,0,0,0,2,1,3,10,1,0,1,1,1,0,1,2
607,AAT,17,21,2,178665,1,0,0,1,0,8,0,14,5,2,0,4,6,4,1,3,0,3,2,0,1,1,1,1,4,1,1,4,2,0,8,22,1,3,1,1,0,0,0,1,3,7,2,3,0,0,0,4,6,1,2,12,0,0,0,2,0,1,0,3
608,GTG,2,5,2,2,1,2,2,0,0,0,0,0,8,1,46,4,2,0,2,0,0,0,0,0,0,0,2,1,0,2,5,0,0,5,1,0,2,0,5,3,0,0,0,0,84,4,178558,15,2,0,0,3,0,0,1,0,0,3,1,2,1,1,11,0
609,CCC,3,0,0,3,0,5,1,2,6,3,10,0,5,4,4,4,1,20,0,3,25,156011,5,24,5,4,3,4,2,16,2,3,0,0,0,2,2,6,1,5,0,2,0,3,4,0,4,3,1,6,0,5,2,69,2,3,0,2,3,4,6,6,9,3
610,TGG,0,0,0,0,0,1,0,0,0,0,11,0,0,0,0,1,0,0,0,0,0,0,0,0,0,0,95,0,1,0,0,0,0,0,0,2,0,0,0,0,0,2,6,1,1,0,0,0,1,0,34,0,4,0,0,0,29,1,153527,5,0,0,7,0
611,AAC,25,148946,10,41,0,2,0,0,7,22,9,6,1,2,15,0,4,2,5,3,0,0,0,0,3,3,4,7,1,3,1,1,3,14,6,7,2,2,6,2,2,3,3,3,5,1,6,3,0,4,0,1,5,5,4,2,1,3,0,13,7,2,3,1
612,TCT,9,3,5,6,2,4,5,7,5,1,0,2,12,5,2,0,2,1,1,7,1,5,3,25,4,2,2,10,2,3,1,6,2,3,1,0,5,1,0,3,5,1,4,8,2,8,1,8,0,3,0,22,13,21,8,155948,2,9,12,1,17,9,8,28
613,AGT,5,12,11,45,7,3,5,10,31,22,16,155243,23,6,19,31,13,10,13,9,0,2,0,0,4,4,7,9,9,10,9,15,10,5,7,8,11,5,8,17,5,9,17,74,9,6,16,28,0,4,0,13,11,0,1,4,2,8,9,31,11,8,30,11
614,TGG,0,0,2,1,0,0,0,0,1,0,2,0,0,0,0,0,1,0,0,0,0,0,3,0,0,2,11,0,0,0,0,0,0,0,5,3,0,0,2,0,0,0,3,0,1,0,2,3,4,0,26,0,0,0,0,0,15,0,156423,4,1,1,2,0
615,AGT,0,6,0,94,1,4,3,10,3,20,0,155402,1,2,1,14,1,0,2,0,0,1,0,1,0,0,0,2,0,1,0,2,0,0,0,0,4,3,4,4,5,3,4,70,9,1,7,3,1,2,0,1,2,2,3,3,0,3,2,14,8,1,1,4
616,AAT,12,18,11,156090,5,6,2,3,5,3,0,18,3,5,8,15,5,1,1,10,1,1,3,7,3,5,5,4,2,2,4,6,4,2,0,20,2,4,0,2,3,3,7,3,1,2,9,7,0,5,4,9,2,1,1,5,2,1,2,8,7,0,4,9
617,AGA,39,0,2,0,3,1,2,1,156229,0,8,1,5,0,4,1,3,0,2,0,0,0,0,0,10,0,3,2,2,0,12,0,0,0,0,0,4,0,1,3,70,3,0,4,3,1,5,9,0,2,0,4,0,1,0,0,2,1,0,4,1,0,5,2
618,AAC,36,155127,14,43,6,12,7,4,10,21,8,21,1,4,3,7,9,8,5,2,0,10,3,6,9,3,6,3,3,7,7,4,3,17,5,4,7,9,6,5,7,8,6,2,7,5,5,8,0,4,0,7,7,2,2,2,1,8,1,5,4,4,7,3
619,CTG,1,1,0,0,5,8,3,6,1,2,3,2,1,4,19,5,0,1,6,5,7,6,107,7,3,3,3,1,45,6,155887,10,3,0,1,1,6,2,6,5,0,1,2,2,2,9,4,5,1,4,3,8,2,1,1,0,0,4,3,10,2,7,23,7
620,AGT,9,7,9,51,5,3,7,1,13,14,21,155205,5,2,10,26,3,15,3,8,4,11,3,11,6,1,9,13,4,3,2,9,2,5,2,11,4,12,5,8,3,10,9,46,7,1,5,14,0,5,1,7,1,3,4,9,1,7,24,23,7,3,4,4
621,GAG,7,2,67,10,5,9,6,9,1,7,7,10,4,6,9,9,4,3,15,6,0,0,1,0,8,4,5,6,8,4,9,9,68,10,155128,16,10,7,11,6,11,4,81,12,13,7,18,8,1,10,2,13,7,6,9,7,0,6,4,7,8,1,9,19
622,ATA,8,0,0,0,4,1,2,0,1,0,0,0,155259,9,32,6,0,0,0,0,0,0,1,0,2,0,0,0,3,2,4,2,1,0,1,0,0,0,0,0,0,0,3,1,5,1,5,8,0,0,0,2,0,0,0,2,1,0,0,0,8,0,2,1
623,TGG,0,0,0,0,1,0,1,0,0,0,11,0,0,1,0,0,0,1,0,1,0,0,3,0,0,0,10,0,1,0,0,0,0,0,0,0,0,0,0,0,1,2,1,0,0,0,0,0,0,1,42,4,0,0,0,1,41,3,155428,7,2,1,18,6
624,GAC,2,63,7,8,3,27,10,12,2,11,7,10,5,6,6,12,8,15,15,5,3,2,3,1,6,10,5,6,9,14,7,12,39,155118,18,45,8,12,6,4,9,27,14,19,9,8,6,13,0,21,0,7,0,18,0,3,1,8,8,8,2,6,9,13
625,AAC,49,155738,24,55,9,25,10,9,7,56,5,1,11,24,9,17,14,12,7,14,2,1,0,1,5,11,10,5,0,18,4,1,4,12,7,0,4,4,5,10,4,1,8,4,20,5,9,7,1,14,2,14,7,8,8,19,1,5,2,1,11,13,13,11
626,ATG,5,0,10,1,17,2,30,3,13,3,13,5,53,7,156022,35,0,8,2,2,1,0,1,2,4,1,8,10,5,7,17,7,0,0,1,0,0,0,1,0,0,0,1,1,2,5,42,2,0,7,4,6,2,2,0,1,1,0,2,3,18,5,18,11
627,ACC,1,24,0,4,25,156047,13,30,0,8,1,12,0,20,0,0,0,2,0,0,0,1,3,1,0,2,0,0,1,1,0,0,0,1,0,0,0,24,1,0,0,0,0,0,0,1,0,2,0,0,0,1,9,6,6,6,0,0,0,0,0,0,0,0
628,TGG,0,0,3,0,0,0,1,0,0,0,3,3,0,0,0,0,1,0,0,1,0,0,1,0,0,0,6,0,2,0,1,0,3,0,0,1,1,0,0,1,3,0,2,0,0,0,2,2,2,0,37,1,1,0,0,1,60,2,156166,3,1,0,6,0
629,CTG,4,2,3,7,4,10,2,5,2,4,12,15,6,7,39,5,8,1,16,5,6,3,36,8,4,11,17,7,233,11,155051,21,3,0,3,1,2,1,7,3,8,4,13,2,1,1,7,1,1,5,3,6,5,5,3,10,2,9,7,2,4,2,99,10
630,CAA,55,7,5,10,1,4,6,14,5,6,5,2,2,3,3,2,155698,14,17,12,5,1,0,1,18,1,3,5,23,1,4,9,2,1,10,5,4,6,8,3,6,7,4,1,2,3,4,4,81,0,1,1,8,3,8,4,0,0,0,0,10,0,3,0
631,TGG,0,0,1,0,0,0,2,0,1,0,7,0,0,0,0,0,0,1,0,0,0,3,0,0,2,0,11,0,1,0,0,0,0,0,0,0,0,0,1,0,1,0,0,1,1,2,1,0,2,0,34,0,0,0,1,1,24,2,155755,9,0,3,12,1
632,GAT,4,9,3,59,3,11,1,3,0,5,1,7,2,0,0,3,8,3,5,4,1,0,1,0,3,0,0,1,0,0,0,1,12,9,6,155625,4,3,2,11,7,3,16,22,1,0,1,3,1,5,0,31,5,10,2,9,0,0,1,3,0,0,2,0
633,AAA,155790,12,52,19,18,13,14,7,57,17,5,3,9,2,7,8,10,9,4,11,0,0,0,0,8,3,4,1,5,4,5,4,40,7,3,9,8,7,4,5,14,17,14,1,9,13,13,10,0,5,1,10,4,2,8,2,2,4,10,0,8,6,11,10
634,GAA,28,5,2,4,7,7,12,4,6,4,2,10,6,6,7,14,9,9,8,7,1,0,2,0,2,2,2,0,4,6,3,10,156097,6,11,14,6,6,7,7,10,0,2,0,11,14,14,18,6,8,0,12,13,6,8,7,0,2,3,17,14,7,4,10
635,ATT,4,3,0,15,5,6,2,10,0,0,0,4,22,12,7,156455,0,0,0,0,0,0,0,0,2,0,2,1,1,7,7,9,1,0,0,0,0,1,0,0,0,1,1,0,13,10,4,13,0,0,0,1,1,0,0,2,0,0,2,0,2,0,3,1
636,AGC,7,62,5,3,6,4,2,2,36,155586,10,128,3,21,7,9,2,8,10,2,0,1,0,0,10,9,6,6,2,8,5,3,1,1,7,8,8,4,6,1,10,55,19,27,6,8,9,13,2,6,0,9,1,1,4,4,1,10,15,13,6,9,5,13
637,AAT,42,18,9,156051,8,2,3,7,4,0,2,13,6,2,2,8,5,1,2,1,0,0,0,0,2,3,4,5,5,0,5,2,6,1,1,12,3,4,3,2,5,6,8,13,10,4,4,5,0,1,2,6,4,2,4,8,1,5,3,5,4,5,4,12
638,TAC,5,22,9,9,2,1,8,4,10,9,6,15,2,2,3,4,0,20,7,10,0,1,0,0,5,1,1,1,1,5,5,1,0,0,0,0,9,12,5,3,1,1,1,0,1,4,4,3,11,155918,0,77,10,5,5,8,2,21,2,5,13,16,6,10
639,ACA,26,2,4,2,156071,8,28,7,9,3,8,4,45,2,3,6,4,4,8,2,2,1,0,1,3,4,6,11,0,2,0,5,3,1,3,2,27,1,9,4,3,1,2,1,4,4,0,12,0,3,0,4,4,3,6,1,1,0,0,2,5,3,4,3
640,CAG,9,2,23,4,4,0,1,2,1,1,5,4,0,0,6,2,27,5,155903,36,0,0,11,0,3,3,36,1,2,2,6,2,4,6,3,0,0,1,3,1,2,2,9,6,2,0,5,4,0,4,24,4,4,0,1,4,2,1,4,4,2,7,3,0
641,ATA,18,3,3,6,21,4,4,1,7,2,8,9,156131,2,31,12,4,6,12,3,0,0,0,1,1,4,4,3,2,1,3,3,4,0,6,3,6,3,5,4,8,3,5,5,26,3,6,13,1,0,1,1,7,2,6,4,0,5,1,5,9,1,13,2
642,ATA,20,1,0,2,4,0,3,1,2,0,0,1,156173,1,5,4,0,0,0,0,1,0,0,0,0,0,0,1,0,0,2,0,0,0,2,0,0,0,0,0,0,0,1,2,12,1,7,1,1,1,1,0,0,0,0,0,3,1,0,0,0,0,1,1
643,TAT,1,0,0,2,1,1,0,1,2,1,2,4,1,0,6,2,2,2,2,15,0,1,0,0,0,0,3,3,1,3,0,0,0,0,0,0,3,0,0,7,2,1,3,2,3,0,0,0,9,19,6,155914,2,2,0,2,0,0,3,14,0,8,1,10
644,GGG,1,1,5,1,5,2,5,2,5,4,42,4,1,1,8,3,7,0,2,2,0,1,3,1,3,10,4,5,1,2,2,4,4,5,54,3,4,3,11,10,88,8,153853,23,1,2,31,5,0,1,0,7,1,4,4,1,1,0,29,2,4,3,2,8
645,CTA,2,1,1,2,1,0,2,0,3,1,1,1,24,0,7,1,10,8,4,9,11,1,0,0,1,3,1,1,155875,11,14,4,2,0,2,1,7,4,8,3,0,0,0,0,3,4,8,0,2,6,2,6,1,2,1,0,0,3,2,0,61,8,5,6
646,CTT,0,0,1,0,0,0,0,0,0,0,1,2,6,8,7,20,0,0,0,3,0,1,1,23,2,0,0,2,15,74,10,155955,0,2,0,2,0,0,0,0,1,0,0,0,7,2,4,5,1,0,0,0,0,1,0,1,1,0,0,0,4,0,13,21
647,GAA,21,1,0,3,1,0,1,0,0,3,3,3,1,0,2,1,7,1,10,0,1,0,2,0,4,1,2,0,4,0,0,4,155861,24,66,9,9,4,1,6,59,7,14,10,5,1,0,1,4,4,0,7,2,2,4,1,0,0,3,0,5,6,1,8
648,GAA,37,1,2,4,5,4,0,1,3,4,3,7,10,8,8,4,5,2,4,6,0,0,0,0,4,7,3,5,6,11,2,8,154940,10,25,12,7,8,2,5,9,3,2,6,8,7,22,7,5,10,0,14,3,2,6,7,2,4,8,10,6,9,8,5
649,TCG,7,2,3,4,4,5,8,1,5,3,10,1,2,3,4,0,7,10,8,11,2,0,3,0,11,4,10,7,3,5,3,6,5,9,19,8,11,2,8,2,3,6,6,5,0,2,5,4,1,5,8,5,197,12,155221,17,1,0,8,4,8,4,47,10
650,CAG,0,0,5,1,1,0,1,2,0,1,1,5,0,0,1,0,66,1,154774,4,1,0,5,0,1,1,108,4,0,2,11,1,2,0,3,0,0,0,3,2,2,1,0,0,0,0,0,0,0,2,38,6,1,2,0,1,0,0,6,1,0,6,0,8
651,AAC,4,156356,2,45,0,3,0,2,0,12,2,4,1,2,1,1,0,0,3,0,0,0,0,0,0,1,1,0,0,0,0,1,0,4,0,0,0,1,0,1,1,0,4,1,3,1,2,3,2,0,1,0,0,2,0,0,0,0,1,0,2,1,0,0
652,CAG,2,0,18,4,5,1,3,3,3,0,0,2,2,7,1,5,77,5,155945,11,0,0,1,0,2,1,21,1,1,11,8,4,1,6,7,5,1,1,0,1,5,0,3,1,2,6,5,1,1,6,10,2,1,3,2,1,0,1,3,4,1,4,2,7
653,CAG,0,4,3,4,0,0,0,0,1,0,0,1,5,2,2,1,54,0,155579,6,0,1,1,0,0,3,46,2,0,0,3,3,0,0,8,1,0,2,2,4,0,0,3,0,0,1,1,3,0,1,149,0,0,0,1,0,1,0,0,0,1,3,2,2
654,GAA,37,1,0,1,0,0,0,1,2,0,0,0,1,1,1,3,5,0,2,2,0,1,0,0,0,0,0,0,0,0,0,1,155565,3,11,3,2,4,0,7,3,0,0,2,1,0,0,1,3,0,2,0,0,0,0,0,3,1,1,1,0,0,1,0
655,AAG,43,5,155083,11,0,2,11,0,5,4,182,3,4,3,12,10,1,0,5,1,1,0,1,0,2,3,6,3,3,1,1,3,0,0,5,0,4,3,5,1,1,1,0,3,1,7,3,3,1,0,1,1,3,4,5,2,1,0,0,1,3,3,15,0
656,AAT,6,11,3,155619,2,2,2,9,2,6,14,11,0,3,8,8,5,5,12,6,1,0,0,2,1,0,3,1,2,3,3,6,3,7,9,27,10,9,12,9,2,2,2,6,5,1,5,5,2,0,1,2,7,4,10,3,0,1,3,7,5,0,8,1
657,GAA,51,10,4,4,1,0,3,0,0,0,1,0,20,8,13,12,2,4,6,2,0,0,0,0,0,0,0,0,8,2,2,3,155722,1,24,12,1,0,1,3,12,0,2,0,10,3,9,5,8,7,3,11,1,7,5,6,1,1,0,1,25,7,25,16
658,CAA,20,1,9,2,3,0,0,4,1,0,3,3,0,5,7,0,155686,4,30,10,0,0,0,0,14,3,5,3,11,15,4,13,5,2,1,0,2,2,4,2,0,0,1,0,2,1,0,2,22,4,1,1,3,4,2,2,0,0,15,6,19,10,10,10
659,GAC,1,32,0,1,4,2,1,9,1,5,1,3,1,0,2,3,3,3,6,0,0,0,0,0,4,3,5,0,2,1,1,0,39,152132,6,27,2,3,8,3,4,1,0,6,3,11,2,8,3,12,0,3,4,0,2,4,0,1,1,9,0,0,4,0
660,TTA,2,2,0,2,6,0,0,1,1,2,0,1,21,0,2,7,0,0,0,0,0,0,0,3,0,0,0,1,16,7,4,7,0,1,0,0,1,0,3,1,1,0,1,0,5,1,0,2,1,1,0,5,5,1,0,1,3,0,0,0,156471,0,14,3
661,TTG,1,0,1,0,1,0,0,0,0,1,1,1,0,3,15,1,0,0,0,0,0,0,0,0,0,1,1,0,10,5,11,3,1,0,1,6,0,0,1,1,1,0,0,1,0,0,2,3,0,0,4,0,0,0,6,0,0,0,3,2,30,0,156474,15
662,GCA,7,0,4,1,101,0,0,1,0,4,3,10,0,1,1,1,5,0,4,0,2,2,0,0,2,0,0,1,0,0,1,1,10,1,4,3,155909,2,14,8,6,0,0,1,70,0,5,0,0,0,0,0,12,1,5,10,0,0,3,4,1,0,2,0
663,TTG,3,3,1,3,0,0,0,0,0,0,0,1,2,0,17,0,0,0,1,0,0,0,0,0,0,0,1,0,2,1,12,5,0,2,1,2,1,0,3,0,0,2,3,1,4,0,0,4,1,0,5,4,0,1,25,5,0,1,28,0,46,9,156369,27
664,GAT,1,3,2,47,10,3,5,2,1,7,0,5,3,0,1,0,6,2,1,8,0,1,0,2,0,1,2,0,0,0,0,0,33,13,12,148921,14,1,3,14,23,16,22,56,2,1,3,3,1,1,0,8,7,1,7,8,1,0,5,7,1,1,2,2
665,AAG,75,8,151857,18,5,1,26,2,5,4,84,7,4,1,19,2,7,7,2,3,1,0,2,0,2,7,5,5,0,1,0,0,3,1,22,5,4,4,12,0,1,0,4,0,6,3,4,2,0,4,2,2,3,0,4,2,0,0,0,0,0,0,3,0
666,TGG,0,0,1,0,1,0,0,0,0,0,7,2,1,2,1,1,0,0,0,0,1,0,0,0,0,1,8,1,1,1,0,0,0,1,0,0,1,1,2,1,0,0,4,0,0,0,2,0,1,0,32,0,0,0,1,0,25,0,151936,1,2,4,9,9
667,GCA,4,6,4,4,130,2,2,3,4,0,3,5,3,8,3,3,6,4,5,5,1,0,1,0,3,6,2,1,2,1,2,3,13,3,4,9,150505,9,28,6,6,6,2,6,121,5,5,1,0,2,0,7,18,5,8,10,1,1,6,2,3,4,3,3
668,AGT,2,2,3,52,4,8,1,3,1,15,6,152579,1,3,10,6,2,1,5,0,0,0,0,0,4,0,2,1,1,0,2,1,3,2,0,9,0,5,7,6,1,1,0,16,4,6,5,4,3,6,0,2,7,1,8,9,0,6,2,5,1,1,4,5
669,CTG,0,0,0,1,1,0,0,0,1,1,0,0,0,1,8,3,0,0,5,0,0,0,81,0,0,0,8,0,125,6,151571,14,0,0,0,0,0,0,1,0,4,0,0,0,2,2,3,0,0,3,0,1,1,0,1,0,2,0,0,0,4,0,27,1
670,TGG,5,0,0,0,0,0,0,0,3,1,2,0,2,0,4,2,5,0,2,1,0,0,0,0,1,1,40,1,0,3,1,2,3,0,3,0,0,2,3,1,2,0,9,2,0,0,1,0,1,2,12,3,0,0,0,0,20,3,154164,4,3,2,6,4
671,AAT,5,11,5,155642,6,1,7,5,1,4,0,11,0,2,0,2,0,1,2,2,0,0,0,0,0,2,0,2,0,1,1,1,1,1,3,8,2,0,0,0,3,1,1,0,3,4,4,1,1,2,1,5,7,1,3,2,2,2,1,2,3,6,2,2
672,TGG,0,0,1,0,1,0,0,0,0,0,1,0,0,0,2,0,0,0,0,1,2,1,1,2,6,1,2,3,0,0,2,1,3,0,0,1,2,0,2,0,0,0,0,1,0,1,0,1,2,0,21,0,1,1,3,0,37,5,155838,7,0,1,9,5
673,TTT,0,1,0,0,0,0,0,0,1,1,0,0,0,0,1,5,0,0,0,0,1,0,0,0,0,0,0,3,1,1,6,39,0,0,0,1,0,0,2,0,0,0,0,0,1,0,1,13,0,0,0,9,0,2,0,11,0,0,0,1,0,12,0,154792
674,GAC,2,38,0,0,2,1,0,0,2,1,0,3,1,0,1,2,0,0,0,1,0,0,0,0,1,0,0,0,0,0,0,0,17,154964,1,56,0,5,5,4,0,41,0,0,0,1,0,0,0,0,0,0,0,0,0,0,0,0,0,2,2,3,0,0
675,ATA,5,0,0,0,41,0,0,1,1,0,0,0,155286,11,2,11,0,0,0,0,1,0,0,0,0,0,0,0,2,0,1,2,1,0,0,0,0,0,0,1,0,0,0,0,14,0,2,0,0,0,0,3,0,0,0,0,0,0,0,0,4,0,1,0
676,TCA,1,0,1,0,2,8,8,5,1,6,0,1,4,1,0,1,1,0,0,0,28,1,0,1,0,0,0,4,4,0,0,1,2,0,0,1,4,0,2,0,1,0,3,0,4,7,7,11,4,0,0,0,155386,5,23,9,2,0,0,2,8,0,2,1
677,AAC,12,156174,7,39,0,1,1,0,4,5,3,1,2,2,1,0,8,1,0,1,2,0,0,0,2,2,1,2,4,1,2,0,2,10,2,0,1,0,1,5,0,2,0,0,0,0,1,1,0,5,1,3,0,0,0,0,0,0,0,0,4,1,4,4
678,TGG,1,0,1,0,0,0,1,0,2,0,2,3,0,0,0,0,0,0,0,0,0,0,0,0,0,0,6,0,0,0,0,0,0,0,0,0,0,0,0,0,0,2,3,0,1,1,0,4,1,1,27,0,0,0,0,0,61,3,155398,7,0,0,4,1
679,CTG,1,0,0,1,0,0,1,0,0,0,0,1,3,0,6,1,0,0,1,0,0,0,15,0,0,0,0,0,76,6,153392,1,0,0,0,0,0,0,0,0,0,0,1,0,0,0,2,0,0,0,0,0,0,0,0,0,3,1,0,0,1,0,57,1
680,TGG,0,0,0,0,0,0,0,0,0,0,2,1,0,0,1,0,0,0,0,0,0,0,0,0,0,0,13,0,0,0,0,0,0,0,0,0,0,0,0,0,1,0,3,3,0,0,0,0,0,0,18,1,0,0,0,0,56,2,153964,6,0,0,7,0
681,TAT,0,0,0,3,0,0,0,0,0,0,0,0,1,0,0,0,0,0,0,35,0,0,0,0,0,1,0,0,0,0,0,0,0,0,0,1,0,0,0,0,0,0,0,2,0,0,0,0,3,25,0,155883,0,0,0,0,0,0,0,6,0,0,0,0
682,ATA,2,1,5,0,12,4,0,0,2,0,0,1,155553,3,9,4,1,0,0,0,0,0,2,0,0,0,0,0,0,0,0,0,0,0,0,1,0,1,0,0,0,0,0,1,1,0,0,2,0,0,0,0,3,1,0,0,0,0,0,0,3,0,0,0
683,AAA,155808,6,15,5,0,0,0,0,5,0,5,0,1,0,0,0,4,2,1,0,1,0,2,0,4,3,4,6,0,0,0,0,6,0,0,0,0,0,0,1,0,0,0,1,0,0,0,0,2,3,0,1,0,0,1,0,0,0,3,0,1,0,0,7
684,ATA,5,5,0,0,9,1,1,3,0,1,0,2,153937,7,14,23,3,2,2,2,0,0,0,2,0,4,0,1,11,2,5,8,0,2,0,2,1,0,1,2,4,3,1,9,6,0,0,3,0,3,0,6,2,7,6,4,0,0,3,7,39,4,0,4
685,TTT,0,0,0,3,0,2,0,2,1,0,0,1,0,0,0,3,0,0,0,0,0,0,0,0,0,0,0,0,0,0,0,16,0,1,0,0,0,1,1,7,0,1,2,2,0,1,0,7,0,0,0,7,4,6,5,7,1,8,12,7,13,17,3,154784
686,ATA,13,2,1,0,10,3,0,4,0,0,0,7,155623,6,17,6,0,1,1,0,3,1,1,4,0,0,0,0,1,1,4,0,0,0,0,0,0,0,0,1,0,0,0,2,14,1,4,3,0,0,3,0,0,0,0,0,0,0,0,1,5,0,0,0
687,ATG,0,0,13,6,8,2,14,1,1,0,6,1,52,6,155508,8,0,3,1,0,0,1,1,0,0,0,0,0,0,2,8,0,0,0,3,0,0,3,0,6,2,0,2,1,7,4,23,3,0,1,1,0,1,0,0,0,1,1,2,7,3,0,5,0
688,ATA,3,0,0,0,11,1,2,2,0,1,0,1,153223,5,53,3,0,0,2,0,0,0,0,0,0,0,0,0,10,0,5,6,0,0,0,0,0,1,2,2,0,0,3,4,11,2,5,7,0,2,0,1,1,1,2,5,0,0,3,2,6,1,4,1
689,GTA,0,1,0,0,0,2,0,0,0,1,0,0,79,0,1,1,0,1,0,0,1,0,0,0,0,0,0,0,6,4,0,0,5,0,0,0,6,0,2,1,3,3,3,4,155598,1,63,3,0,2,0,0,0,0,2,3,0,0,6,1,5,1,0,0
690,GGA,1,0,0,3,1,2,0,3,14,1,0,2,4,2,0,2,0,0,2,1,6,4,2,0,2,0,0,0,0,0,0,0,41,0,1,0,1,2,0,0,154154,7,53,9,5,1,1,2,0,2,0,3,1,2,3,1,6,1,0,0,1,0,4,2
691,GGC,0,1,0,1,0,0,1,0,0,49,0,0,0,0,0,0,3,5,1,2,2,0,3,0,1,0,0,0,0,0,0,1,0,56,0,0,2,1,2,1,34,153008,7,38,0,16,2,0,0,2,0,8,2,0,0,2,0,22,5,3,2,0,4,3
692,TTA,3,1,0,1,8,5,6,7,0,2,1,5,20,3,12,2,4,5,1,1,0,0,2,0,1,0,2,0,24,3,3,4,0,2,0,1,4,3,1,6,2,5,3,5,12,9,3,4,10,6,0,3,60,4,1,5,2,2,4,8,152765,2,28,13
693,ATA,5,0,0,2,13,9,8,6,0,5,0,8,155680,8,67,15,3,1,0,1,0,3,0,0,1,0,0,0,9,5,4,6,4,0,5,0,5,1,8,10,2,2,6,3,20,5,8,8,0,4,2,6,13,4,4,6,2,3,6,11,8,5,5,6
694,GGA,0,0,1,2,6,1,2,3,24,9,0,1,3,5,0,7,1,0,1,1,4,6,1,3,1,0,0,2,3,0,1,2,25,0,1,0,3,1,2,1,155185,1,10,12,15,4,0,3,0,1,0,4,10,2,9,4,13,6,6,5,6,6,4,5
695,TTA,5,2,3,1,4,5,4,2,1,7,3,2,11,12,2,6,7,3,1,0,0,4,4,5,0,1,0,3,9,5,6,5,6,0,5,0,9,1,7,8,6,2,12,19,2,5,4,11,6,5,0,10,15,4,10,1,1,6,17,7,155071,7,51,13
696,AGA,60,7,11,3,5,1,4,1,155924,0,16,1,19,2,0,1,10,5,3,4,3,1,2,2,10,10,3,4,3,2,7,8,5,4,5,9,0,1,0,6,16,3,0,5,0,5,2,5,0,2,0,3,1,2,0,2,1,4,4,5,3,2,4,3
697,ATA,3,0,1,0,6,3,2,7,0,0,0,7,155974,14,53,10,0,0,0,0,0,3,0,0,0,1,0,1,5,8,2,4,0,0,0,0,3,5,1,0,8,2,15,6,10,8,22,12,0,1,1,0,7,4,6,4,0,7,5,12,12,5,15,9
698,GTT,0,1,3,6,9,10,7,3,0,8,1,10,8,2,18,68,0,1,0,1,4,1,1,1,0,0,1,1,7,2,6,7,0,2,0,1,8,6,6,12,14,8,8,4,19,30,9,155868,1,5,0,6,6,5,5,3,1,8,11,17,5,9,15,14
699,TTT,1,1,1,3,0,4,4,0,4,0,0,2,2,0,9,5,7,6,4,9,2,2,0,3,3,4,4,2,2,3,3,4,2,3,7,0,3,7,5,4,2,7,6,6,3,3,4,3,1,2,1,5,4,2,8,13,0,4,15,7,10,6,3,154764
700,GCT,3,3,5,0,0,6,3,64,1,1,1,12,5,6,2,1,1,1,4,6,1,0,1,1,0,2,0,1,3,5,3,4,0,1,3,23,4,66,9,153391,1,4,2,13,1,0,3,188,0,7,0,2,1,0,4,19,0,0,3,1,1,2,4,5
701,GTG,0,0,0,0,3,3,2,1,0,0,0,1,3,0,114,2,0,0,0,0,0,0,0,0,0,0,1,0,0,3,2,4,0,0,1,0,3,4,13,6,2,1,3,3,143,4,155332,9,0,0,0,0,0,0,1,2,0,1,0,8,7,0,17,2
702,CTT,8,2,5,2,2,2,6,2,3,1,1,1,2,2,4,30,1,0,5,6,3,1,12,17,3,1,6,5,13,12,11,153451,2,0,3,7,4,1,7,3,3,0,6,3,2,3,5,9,0,1,0,0,2,0,2,8,0,8,6,6,1,0,5,62
