site,avgfracsurvive,maxfracsurvive
332,0.012103895290969521,0.028974179133333333
334,0.011505716624750265,0.04048820866130329
330,0.006460270675119121,0.014848937492735892
415,0.006120559654602332,0.02144696715273967
339,0.003433047425204443,0.01862686236968471
290,0.003318460449885247,0.011287363831902661
137,0.0026739175232150182,0.008455474425739691
260,0.0026369611943953377,0.014595100133333328
460,0.0025244245706185584,0.019947797923739376
182,0.002510149937885516,0.007553426957479184
90,0.0024804029945227103,0.01404008118385011
341,0.0024692266283345456,0.006580125998326865
348,0.002456412883917013,0.020058178286251012
125,0.002417217433390772,0.014275743119545764
165,0.0024095668664261033,0.01575586200238661
665,0.002365358732463886,0.01548642122436598
375,0.002225637561798907,0.010332093769006389
315,0.0021751941722830096,0.014629527605385233
123,0.0021715709804940252,0.010131741066666667
589,0.0021563863552555708,0.009810102292783156
305,0.002155266676165732,0.010945970673952967
204,0.002120280448194045,0.006195152727052975
412,0.0021095235025578034,0.008243049283037986
103,0.0021081333302617362,0.01040343777430045
324,0.002102139720539413,0.011850742320179651
175,0.0020759214175042643,0.009869190533333334
419,0.0020641732838827514,0.009728748692596751
192,0.0020613887973833117,0.011838319533333334
170,0.0020603634830889278,0.009573538178789788
52,0.002058475264959602,0.008798939442131138
54,0.00202413248853079,0.011783110126581729
50,0.001950158651127181,0.015472753533333333
153,0.0019485660727317734,0.0062385755245879275
358,0.0019263823430531143,0.009326114029566237
560,0.001922223159688691,0.010303001411133125
402,0.001911803798365984,0.012284850004135879
224,0.0018912514533081847,0.010332231626754423
566,0.0018748823904140694,0.010776333392772402
318,0.0018700734881844478,0.008476780698981697
35,0.0018646833040526275,0.011567287036226606
234,0.0018512035981653667,0.007796579790079218
373,0.001843386124871392,0.006240116983867973
141,0.0018402302881332232,0.008666440266002823
607,0.001838070357076537,0.007001098249551804
650,0.00182926782092502,0.0074214982613639595
72,0.001814249752754614,0.01052556686666667
134,0.0017843941208415194,0.011688112134624418
658,0.0017813016888421074,0.008638302240709224
152,0.0017773125476596412,0.011575769000000005
609,0.0017726178447722604,0.006621692832105646
65,0.0017706029804311176,0.009075223801602602
299,0.0017686859734492909,0.00960664
319,0.001760783354994853,0.012816189392154538
173,0.0017571554194771317,0.00675493522462921
450,0.001744478443198927,0.007146535266666666
668,0.0017248767390786943,0.008156707503360358
126,0.0017201070256258764,0.010286991086215619
159,0.00171628418232924,0.008572348335433624
506,0.0017143953258856308,0.010942386421195572
116,0.0017126771262325345,0.009558242059732594
649,0.0017089070288681882,0.005758468084467526
94,0.0017027247486084425,0.0103942916
160,0.0017024169137275502,0.008009185215336617
142,0.0016932053303801414,0.004844118424514628
247,0.0016903492684461634,0.009153246092164101
238,0.001682087920720314,0.008003794287774134
32,0.0016799007728672708,0.004231253353425149
534,0.0016687989066874968,0.009021234836791044
223,0.0016606483040451183,0.01019800522331528
536,0.0016490963673099009,0.008201909570559652
138,0.001639058255156893,0.004086410489484838
530,0.0016334517787050934,0.006823079997131834
626,0.0016322411687153834,0.006597923223645108
543,0.0016175474838577425,0.008286040859796869
163,0.0016142545959564759,0.0071124099333333335
439,0.0016065384905522286,0.008240499863813469
209,0.0016029488441916804,0.008265353643364453
351,0.001602106264292544,0.005166778585283436
690,0.0016012118176622454,0.011985300467213834
264,0.0015973392218670349,0.011838319533333337
333,0.0015969730519509726,0.010903767905469883
279,0.0015954717715429,0.0111819432
73,0.0015944839975921782,0.01191536536616271
674,0.0015893133487486055,0.005931316027683962
639,0.0015822213756343376,0.006098166074470603
38,0.001581877765248342,0.00701056690293431
265,0.001581096257038252,0.01130040620701537
184d,0.0015807566413411072,0.007533277887757077
37,0.001580579747378505,0.012664009870356652
47,0.0015785923465668024,0.006581851141767591
232,0.0015694840427214547,0.004765495241359431
357,0.0015616293573511124,0.004925775781264383
171,0.0015608261218938175,0.006568036596705483
596,0.001552008133177672,0.010800223893328728
391,0.001544972037974722,0.004581677735039115
606,0.0015423255730864173,0.006322104892935489
180,0.0015375137292281045,0.008031336799999999
604,0.0015255038197532183,0.010399555599135468
280,0.001516511639045706,0.005835745515931604
426,0.0015065596234267698,0.005321207395974251
362,0.001501497087758914,0.005909188609273329
575,0.0014980170403648201,0.005000166595639865
664,0.0014968292871423532,0.004855986763160817
177,0.0014960706938345724,0.007004910274696162
618,0.0014953637074374582,0.008010671440823501
669,0.001489802785878147,0.006360402604782655
682,0.0014833298618692368,0.007692009764146149
274,0.0014744890778947038,0.006774670951849242
617,0.0014676733501875333,0.008053755555487487
323,0.0014670593768200666,0.005179557978292064
671,0.001466449178386907,0.008097158692564603
547,0.0014659195625088516,0.010224229751569476
133,0.0014590287051638097,0.00955144812016537
369,0.0014585473984320607,0.009380636866666665
640,0.0014578527078226162,0.0048594793573942426
356,0.0014511581965527941,0.007000259495350454
74,0.0014492911653033872,0.00840772508713363
622,0.0014491687538541855,0.007682446284456618
687,0.0014489818307140431,0.006388207752189142
242,0.0014487432094919851,0.008639000015101693
463,0.0014452397097626758,0.005242537169388227
479,0.0014443710300596714,0.008802748830888878
43,0.0014402850234928929,0.011655881916118119
656,0.001438931571556603,0.005807848941986799
524,0.0014355581402635824,0.0035009398478693995
120,0.001427773083501514,0.008050103194748701
189,0.0014266886572529482,0.009982160975842619
699,0.0014266329554326988,0.006555423624800563
691,0.0014250653882936857,0.006332360778702775
284,0.0014246024212578381,0.006753679481087273
285,0.0014188578057389954,0.008931707163454311
246,0.0014173950650556678,0.008144838059627393
206,0.0014172876289016405,0.00781387207594234
140,0.0014147346628460202,0.005833955159961393
227,0.0014122722094421381,0.0042972366795041754
491,0.0014105991286786738,0.009892285479543366
100,0.0014100152510734567,0.007637511
114,0.0014096378355405385,0.0057551602670792915
77,0.0014080731759836557,0.0037213052628008447
117,0.0014076790447362785,0.007824026969535866
128,0.0014068846921718628,0.005096139865255924
670,0.0014048721492032443,0.005519079063669157
555,0.001404246437925243,0.009881586921378579
396,0.001398736079450612,0.005580746678876384
303,0.001397418271425376,0.006887340144408256
661,0.001394584827247051,0.006776675053992449
158,0.0013941983057857326,0.006334968896176819
367,0.0013921359819846842,0.009977084112880346
286,0.001391627510691845,0.010525566866666664
459,0.001387800154131704,0.007103057316902156
416,0.0013803596375773245,0.005885285260317885
349,0.0013792527610059539,0.009313089495572044
297,0.0013789389421390954,0.009340756070747936
139,0.001374762220856633,0.004975879967669
570,0.0013733851142298068,0.003952096407165973
395,0.0013731874830436735,0.004700612369609091
275,0.0013705472622564752,0.006601339662588392
588,0.001369061294840031,0.005654036419794897
174,0.001367726772431018,0.007190481887205156
413,0.0013643969514068488,0.005114966569088849
220,0.0013602400262456215,0.005695009783013343
683,0.0013571519021165883,0.010836382252594381
179,0.001355967194965631,0.008994095802357951
646,0.0013511955465431498,0.007804969503150408
363,0.001347622829816858,0.0038097767877387383
611,0.0013472693747630985,0.005389627757127989
301,0.001344651581558554,0.008593056697962545
578,0.00134360853721467,0.005717551533333333
326,0.0013430326890941184,0.005858990357206095
603,0.0013424997731291393,0.006871606360294054
414,0.001340340144724988,0.008962356295017187
637,0.0013364323609486534,0.004259726553615034
122,0.0013348660490744746,0.008414411062610863
473,0.0013338179781980728,0.010301587169657206
115,0.00133113190940145,0.00927303884970871
632,0.0013306021586718887,0.004483649034051213
457,0.001325148889389944,0.007662519849599681
592,0.0013214612114126657,0.005527454211847928
420,0.001318282257492987,0.005923693099999045
404,0.001317836007218586,0.004263645950274325
494,0.0013154205098484793,0.005533373875313744
56,0.0013148728263656577,0.006914354954898286
381,0.0013105680630823425,0.008099129399999997
602,0.0013104929117623608,0.010768358272377399
449,0.0013088286237266807,0.0063254435189398425
630,0.0013076216457053836,0.008024327864821023
107,0.0013070256101033598,0.006451293818814298
184h,0.0013047787119966894,0.005693625376506937
564,0.0013039921905831139,0.005647021902916782
309,0.0013037522613059912,0.004781723323890599
376,0.0013029458979936883,0.007746342837912129
183,0.0013003645230079007,0.005045319293124728
465,0.0012997203239171937,0.004356086090512013
677,0.001295660637766685,0.005270368264355767
361,0.0012956107494070611,0.0066891563654431704
168,0.0012946899662987443,0.00457951436352055
441,0.0012945001478042012,0.0077872114322490955
662,0.0012911034944152345,0.004096225983216953
563,0.0012910260849986908,0.005542068994072707
151,0.0012902761005028234,0.009086144747273083
304,0.0012885245591597572,0.005829425722658275
452,0.0012874579357587388,0.004541235323849975
335,0.001287393184418059,0.006802106260250581
91,0.0012868959724514249,0.004115296732555204
292,0.0012852294621169332,0.0066495443261505175
215,0.0012850695416276872,0.006651063322942166
552,0.0012850631759682971,0.008539534753898608
648,0.0012825763246351195,0.004651772348577289
551,0.0012785612407571435,0.004505311922439432
337,0.0012761955009405663,0.0045546872095478365
521,0.0012750525318331342,0.0077047856395208005
574,0.001274315857959428,0.009963531574896928
360,0.0012715814040376611,0.004495718194279357
591,0.0012694660451566158,0.004667706365529698
200,0.001269041963505309,0.004386250290587532
41,0.0012675193264971869,0.008888005281590762
267,0.0012649902770316991,0.007965578569640296
216,0.0012635132629198614,0.0037622206234563284
184f,0.0012631832286820576,0.004910469108269087
78,0.0012617026467001476,0.005650190136326629
398,0.0012613684088786134,0.004866528897992092
187,0.0012593169198764798,0.006378030314820231
631,0.0012580850672272838,0.008160831216937208
667,0.0012564545109360853,0.0054509415188762995
495,0.0012558649171588402,0.007067813274163927
45,0.0012549566839527677,0.009864988200727282
96,0.0012538491262362016,0.009620241608114087
36,0.0012532408543933081,0.0076144055506988904
84,0.0012520732849288277,0.00976177458981027
629,0.0012517396447822972,0.0032536028830878216
320,0.0012505199415565331,0.0038464406095971
203,0.0012487791481793048,0.006147093833317627
340,0.0012486550863845694,0.008146714601323653
193,0.001247899255095092,0.006504332479502648
422,0.0012449881227097493,0.008036775236051402
156,0.0012427513900413487,0.00639670748751342
250,0.001242056644894216,0.008057418382713018
316,0.0012409789990183225,0.0049585952557253165
685,0.0012394810814011898,0.0071194321308950745
483,0.0012377320013191551,0.00427430788488381
581,0.0012315692752964391,0.007291862569198798
471,0.0012303715515269357,0.0038939465884975043
230,0.0012256924773949972,0.003808283557159245
657,0.0012239868205792647,0.003423954564921068
692,0.0012222732248206639,0.004761691384224831
568,0.0012167426669360904,0.004222068058713327
401,0.001216526883988428,0.0055852050164209
582,0.0012137622231259198,0.008549055817522641
615,0.0012136017423871536,0.006147782980401779
406,0.0012135943766561892,0.008363174079231565
614,0.0012127607782139306,0.003562543014000609
468,0.0012080299716302027,0.0068644179784701775
127,0.0012061388732247159,0.006391458218849933
698,0.0012052545201649818,0.005184671633058608
651,0.0012043110266511232,0.004368590530943334
101,0.0012019844091502162,0.004960816057828224
162,0.0011983928942244301,0.006792371272300876
155,0.0011980837753310357,0.004420282796955342
490,0.0011970709465796041,0.00713613259125141
493,0.0011933499774987985,0.005028928772941944
467,0.001193339095113794,0.007605759863922145
643,0.0011930167617818454,0.006208334126912487
399,0.001192298150050951,0.004383619992121443
231,0.0011910150169599505,0.003984257778394441
69,0.0011892071252918985,0.010011558597623517
511,0.0011879409409322177,0.0040094810505271845
184g,0.00118661526924822,0.0088189884
440,0.0011863606609748272,0.004276985785902066
39,0.0011847696928704795,0.0050746762014120565
172,0.0011832859446842484,0.006144633548276431
554,0.0011832280205567075,0.00965265358038155
488,0.0011831450451167138,0.004398759424274176
167,0.001181621376537253,0.005240342785290258
600,0.0011780586840043378,0.007011217728802382
451,0.001176217825671441,0.006234772947182876
436,0.0011758751731439662,0.005780324614217653
571,0.0011730372033645993,0.003544514308483232
421,0.0011713709765866355,0.0041647657795982704
344,0.0011711097195532948,0.005488494964502229
108,0.0011706919166352408,0.011759759360696993
44,0.0011694373213325055,0.0028754961942651165
576,0.0011691181195705549,0.00399270086996524
355,0.0011684791777061693,0.0052940657639110045
359,0.0011673670539379428,0.007303023444571587
57,0.001166362631454553,0.009420023416907309
239,0.0011647569100225288,0.004877707208380634
489,0.0011645319895009802,0.004918213605521845
472,0.0011642248390007527,0.006460469074376241
93,0.00116109882345442,0.004529983182823268
273,0.0011595059373345354,0.007730737286718476
268,0.0011581304082803187,0.007007804222164846
342,0.0011577478627480652,0.004322358548175872
59,0.0011560857157329684,0.005077800639865075
191,0.0011534919380643902,0.00803464165402246
196,0.0011534750095880833,0.005090479867632833
548,0.0011524740249570272,0.008109775638353545
89,0.0011523707855779905,0.003126862253774208
573,0.0011523307188205962,0.007538306477358414
241,0.0011511939811108206,0.00525315383085397
243,0.0011511580674566171,0.003959175036037133
469,0.0011508440890956523,0.00524180396472946
63,0.0011444455765099847,0.008035263092738292
306,0.0011439531046152187,0.004810162982338048
652,0.0011438156117069018,0.00860270618562949
184a,0.0011431112719825361,0.006352031870837581
248,0.0011418712905290444,0.0054609736844874425
572,0.0011410067594259353,0.0025832239499099783
655,0.0011383910534295556,0.005430907775207188
697,0.001138011642246989,0.0047807400319424985
612,0.0011354551807218356,0.002837402696843206
302,0.0011331990078629888,0.007208017199448471
87,0.0011322587696912256,0.004334996338186896
541,0.0011296085244591407,0.0032505936196534414
499,0.001128351241073351,0.004884337051414588
393,0.0011279965753342531,0.006053863766153124
623,0.001126715386672606,0.004594032872265625
542,0.001126101339979594,0.0034861362019421756
291,0.0011257984238817128,0.005120028948918318
228,0.0011243538223365522,0.005782260394810681
346,0.0011235504024959847,0.006074866866666666
424,0.0011228119362441467,0.0056077773116153555
501,0.001118496885790119,0.004485254775542892
535,0.0011180831305325795,0.003921035467640333
219,0.0011161658371868393,0.005164252534646237
659,0.0011155761970035297,0.005478690899900273
298,0.0011148003747736123,0.0050196688584631865
186,0.0011138643775721335,0.00469250057452594
455,0.0011138629492366547,0.005170632749240349
169,0.0011137301306740916,0.005998877307825405
397,0.0011106281429475386,0.004959121631211427
636,0.0011104177681870787,0.003234391209459344
166,0.0011089730302712747,0.005271851236930541
477,0.0011081797015565376,0.003959777683736918
272,0.0011068519558567638,0.005954869666666665
257,0.001105510408836405,0.0035475324512422544
244,0.0011027177602690203,0.005093027939964013
586,0.0011008418826024627,0.005603766235952987
433,0.0010993106382508001,0.004186848271498806
259,0.0010959307932444267,0.006718584133333333
561,0.0010934311308422038,0.004982526003355294
502,0.0010927552179410762,0.00509844794140468
66,0.0010893597369881604,0.0048040460843732135
181,0.0010887959168975423,0.005062221580683361
124,0.001085088472756999,0.005822641377224779
456,0.0010850868089799543,0.005091693100176474
435,0.0010846261753534214,0.005427711149602627
214,0.001084469084359964,0.004059074200910171
85,0.0010841930031665766,0.005207348130609513
445,0.0010836582964360662,0.006056537979129196
314,0.0010833234848357848,0.004631900928968053
505,0.0010832682894474938,0.007929975047375559
281,0.001083246112274956,0.002423298517511464
98,0.0010831663032688835,0.003867976142747868
266,0.0010827684526545382,0.006719786114080129
352,0.0010810173813520809,0.0036527556519056112
593,0.0010779068432829138,0.0031281942662585477
509,0.001077648414983221,0.005032216154337539
258,0.0010770285057800325,0.0031358568527504543
263,0.0010756830210923603,0.006605957327220208
295,0.0010753679790748956,0.0042484572146656565
434,0.0010747982593378301,0.0031015013514413613
382,0.0010737239470144015,0.005827626544494424
42,0.001073021498207087,0.004258410665932553
353,0.0010725904490301108,0.0028171012330801015
645,0.0010704658582784184,0.006232530584243509
532,0.0010687375824604674,0.002174850273203298
289,0.0010678307531679916,0.0054254608334065755
178,0.0010674498478266282,0.00423427162193465
76,0.0010657442647081623,0.007121490697860124
157,0.001065452659246269,0.003984624307614852
517,0.001064388926382584,0.003320698007858744
425,0.001060983935261263,0.004316271840476653
226,0.0010603137938153477,0.003696686225396447
287,0.0010595648962063076,0.00479727443409834
201,0.001058403673417372,0.004789289889553677
95,0.0010565831687283748,0.003901407880463273
466,0.0010535132016342215,0.003474197864166875
458,0.0010528848396648657,0.00227180904075372
213,0.001052746695976601,0.002654798700762686
60,0.0010511764813130123,0.006268105600000001
394,0.0010504359645586694,0.008142129363833019
653,0.0010496157668031649,0.007495398772389848
110,0.001048965493657611,0.004566757371461357
577,0.0010446320394592102,0.004108069615723477
597,0.0010438393205369084,0.002563505318361772
531,0.0010430777352182768,0.0016179455090413123
549,0.0010425113960722062,0.0011750371323069012
638,0.0010419557104506798,0.003485712455876849
113,0.0010414874522881835,0.0037650079965466173
161,0.0010404349793123949,0.0029760543253844387
526,0.0010402350114509743,0.002475631873092348
70,0.001038714990183272,0.003307742712483567
545,0.001035569745435649,0.005709434309313928
252,0.0010352049209847746,0.005252150865568923
688,0.0010351121203071429,0.0046089623603087285
684,0.00103314471051511,0.004937342899445151
599,0.0010330858909487766,0.005387674759294831
245,0.00102942565337741,0.0027694566065409646
276,0.001029229488118638,0.006301251806554547
387,0.0010283947321320947,0.001728175341261691
544,0.0010229398692072275,0.0022192463208810798
92,0.0010223999380486331,0.004597790275784647
464,0.0010218347754309808,0.0027195814601156825
317,0.0010207241104192987,0.006106384185659087
251,0.001018558099317628,0.005029541490213789
388,0.001017449688617628,0.005189053623516338
553,0.0010157836471293067,0.003941702603401014
80,0.001015744961774559,0.006104506098067783
130,0.0010133134984323035,0.0044946908916355015
121,0.0010128764435453504,0.003953184943387799
410,0.0010116200689082777,0.0059274030448154
583,0.0010099314790382365,0.003694824608662704
675,0.0010081331336393537,0.0024616627374865843
269,0.0010071927215958255,0.0024127756017181725
695,0.0010058339004374273,0.006072042766250477
131,0.001004936224330575,0.0033145686724903012
427,0.0010006479960985753,0.0010870753100980372
512,0.0009969564492235583,0.003370575017754457
454,0.0009965973478167891,0.0030057259665147436
480,0.000996508860656876,0.004807622545768661
701,0.0009952739131929818,0.0035309894745323062
407,0.0009946364234892863,0.0029258723212700183
518,0.0009926279388551193,0.004150223734433662
485,0.0009906886996152529,0.004767673593837818
46,0.0009898181683573124,0.005662215955283709
533,0.0009886334033350804,0.0010737476666666666
610,0.000987635553913751,0.0013707920054079209
300,0.0009861064665318729,0.0036336108513386617
442,0.00098485508610546,0.00482630698244876
75,0.000983581759606935,0.003971372791410784
154,0.0009828752372648755,0.0049863472056864725
635,0.0009818506910930125,0.0032634011755033215
364,0.0009815553749490304,0.005861336541534729
322,0.000981077905627141,0.0042806793120741485
313,0.000979201306066716,0.006044430831198538
270,0.0009789745324666479,0.00341149531032765
680,0.0009788873215348904,0.0010737476666666669
504,0.0009786163956459909,0.004806932369477229
390,0.0009775663734963075,0.00113488093014597
539,0.0009764580629049921,0.0019716971505599795
537,0.00097455930926099,0.0011167011664254532
540,0.0009736157606135086,0.0012807921801622725
628,0.0009710731676489657,0.003443652624491872
372,0.0009706674583585755,0.00402579860875229
350,0.0009703523208155533,0.0034934432475164467
261,0.0009700224983740745,0.002286029224890462
405,0.0009698013876119378,0.004212617214080344
621,0.0009682488143892193,0.004224694025575401
522,0.0009668987507642459,0.002310376255822708
625,0.0009657958745371018,0.002990594397123963
673,0.0009639590785106946,0.0027318155450870747
663,0.0009635481333550052,0.003915571844766135
132,0.0009635387123947166,0.005989062300888845
331,0.0009604366901949983,0.0014064931007124633
33,0.0009603042345691195,0.0030753694949332325
218,0.0009596472834381964,0.0028265925724257
681,0.0009558071209512631,0.0012138707516631167
679,0.0009557209422701126,0.0010976847999999999
689,0.0009551617817311782,0.003675246284043036
199,0.0009548809361633165,0.003699253
520,0.0009545864227363601,0.002678962154510932
538,0.0009545444460340425,0.0010737476666666664
598,0.0009545129109167254,0.0010976847999999999
515,0.0009527942565815139,0.0027335662822803946
608,0.0009527705318869715,0.0040244813150832285
368,0.0009522594599086177,0.001287770858331963
523,0.0009507070510417286,0.0013453894365497907
202,0.0009499656300572243,0.005761456679310211
321,0.0009499584794409732,0.003285868958638635
86,0.0009488958840185297,0.00622986616661348
345,0.0009487947120134646,0.0020831469740767113
288,0.0009471742375916912,0.0010737476666666666
99,0.0009469214863042758,0.003512335366436364
383,0.0009465095958626632,0.0031533284055412277
525,0.000946100408600242,0.0020580013012384464
195,0.0009457100808637956,0.004247780883813264
329,0.0009443280320998555,0.0021193122993260426
190,0.0009442776029842948,0.004341088031756553
197,0.0009437433336788271,0.006801780881775892
507,0.0009431711683658457,0.0036030323802136084
590,0.0009427933038111696,0.00324347400884345
217,0.0009419820240820087,0.0024071512439567703
580,0.0009419367619823198,0.001475387809061146
118,0.0009329036843244822,0.0047263872199359855
700,0.000932818568526339,0.004465725129843686
82,0.0009320457209207423,0.0029927201013549595
418,0.0009300786906319472,0.001707325613390602
322a,0.0009297392088996105,0.0034983477223102977
446,0.0009295033790897196,0.004279887393164009
371,0.0009285935148187593,0.0022345816529127246
641,0.0009269148479516676,0.00287750262389445
529,0.0009261902370636036,0.0010737476666666666
558,0.000925793884990381,0.0014785006750722045
438,0.0009253102850493906,0.0041868603405042166
432,0.0009223090897833909,0.003568721259538079
666,0.000920297502482863,0.0019857309409821414
447,0.0009195970211494178,0.002689514951227679
444,0.0009194736100148071,0.0031989982510917943
365,0.0009178382430808232,0.00287411457540131
184e,0.000916052049957692,0.0032112797539290776
562,0.0009156751395272657,0.0010737476666666669
68,0.0009136708977262258,0.0036926766246714294
605,0.0009123387242764208,0.00245422930491988
594,0.0009118564534045141,0.0032583644383938465
370,0.0009115181517664637,0.0012512181861574156
249,0.0009099075968951091,0.003317335678732958
528,0.0009091776114140191,0.0025732780503696967
497,0.0009085226215019634,0.0010884581744047466
487,0.0009052177215086689,0.0010737476666666664
486,0.0009043537134701564,0.0010737476666666666
498,0.0009037987764909597,0.0015320785531894665
256,0.0009033520227280333,0.0029326781524803124
702,0.0009026735197586634,0.002838177086167791
385,0.0009015951388434906,0.00116031830001206
557,0.000901068386819965,0.007317316011715404
527,0.0009010430767552599,0.002795732570460131
503,0.0009006275698255223,0.0010737476666666669
686,0.0009001274364399042,0.0024931671862970057
184,0.0008986656406422489,0.0033637925900955566
97,0.0008973452250463813,0.003418382876678496
338,0.0008972266753384283,0.0010737476666666664
678,0.0008965110445471721,0.0010737476666666666
240,0.0008963590210132588,0.003481207779691853
237,0.0008962691909699076,0.0015317793894605604
642,0.0008959862686499277,0.002723733996462514
616,0.0008956413772805524,0.004421877321285325
71,0.000895333190583124,0.005648318832020309
584,0.0008945857718173052,0.003109261960246137
470,0.0008922309425677335,0.0013737636509177
403,0.0008903831122107262,0.0025439963139280157
235,0.0008889004758292048,0.0010737476666666666
579,0.0008862234590077317,0.0012943037863926829
308,0.0008843055978575765,0.0031858749799257916
225,0.0008821815744469737,0.0011712165865173894
428,0.0008818652222766473,0.005324945849898421
423,0.0008814161407956238,0.002348517234289507
448,0.0008807354293652429,0.005612188576189698
513,0.0008804459198440883,0.003916984778323256
109,0.0008798355354125376,0.005289320628962992
389,0.0008776531897346226,0.0034114984005518775
67,0.0008776085219933207,0.0023156862435336763
129,0.0008768864672347694,0.0010737476666666669
293,0.0008759721168240945,0.004434849646213559
380,0.000875662780310358,0.0033319959503555516
210,0.0008748354967974916,0.0024737578020902497
519,0.000872615868839986,0.0016142177633155154
508,0.000872457672940305,0.005641849450004534
500,0.0008717331774521842,0.002636540108864915
587,0.0008688115634678544,0.0013451791953553727
208,0.0008686030881524979,0.0019350196693959083
384,0.0008678324638153083,0.0033911165630032577
262,0.0008672598121440492,0.0010737476666666666
516,0.0008662566025541053,0.00448447106389971
198,0.0008652524408925549,0.0031390189465298445
112,0.0008649119371380083,0.0034194501744070275
627,0.0008642569098096679,0.0012440413976325796
347,0.0008641080954484293,0.0025151660696538167
443,0.0008639115386763242,0.0036554616064024023
343,0.0008637868319483243,0.005226601029114228
556,0.0008624856054143838,0.0010737476666666664
236,0.0008621920498059039,0.0021230050009227804
482,0.000861873385340823,0.0010737476666666666
569,0.0008615415893873198,0.0017914428305961898
53,0.0008607082240451954,0.00391249456925367
205,0.0008595896359457812,0.001974846027482565
325,0.000858840053589552,0.0029084779795945635
565,0.0008569063949507511,0.0013902593891339974
366,0.0008530123072709308,0.0010737476666666666
453,0.0008529432081601184,0.00441569969359718
484,0.0008527534901477487,0.006395338752650495
176,0.0008518667849132027,0.0010737476666666666
296,0.0008509323132697985,0.0010737476666666666
378,0.0008490925900996913,0.001124458013160705
233,0.0008472171533979754,0.0020465870643125864
559,0.0008453253412908437,0.0010737476666666666
327,0.0008443925233835698,0.002393063797152933
229,0.0008421344719177335,0.0052073018649201495
694,0.0008414952356518318,0.0025635951295701724
619,0.00083636805575475,0.0027766092628920096
336,0.0008362748304631783,0.0024492649089080435
550,0.0008341465944119046,0.001791611210298007
49,0.0008334746063933235,0.0036388192553752177
255,0.000833299899514312,0.0027742164907297116
409,0.0008318264716947281,0.0024530121196135986
374,0.0008316162396428531,0.0043573610480308255
601,0.0008309408233229161,0.0033258456267073657
595,0.0008302617445131532,0.003087468251903557
676,0.0008295172462803607,0.001665876744545476
624,0.0008289461498370173,0.0032976111289756507
647,0.0008239683894869577,0.004175955583625904
253,0.0008193536604519803,0.0039417773352706685
185,0.0008173371233784097,0.0036414398295116328
462,0.0008125601132292616,0.003337162056227779
546,0.0008114285676079329,0.0018970015287735735
184c,0.0008067673897012623,0.004657823648057927
377,0.0008047266364769562,0.00365101038647817
417,0.0008039982526834719,0.0018776784356296357
430,0.0008036554197138897,0.004140631735600554
392,0.0008014935554178732,0.0027862344505557505
102,0.0007960077267013118,0.003867528526747908
567,0.0007950525392812157,0.001107906929172501
62,0.0007919058088402887,0.0034064771715521694
492,0.0007907609138687709,0.003994991028202128
431,0.0007892479508624684,0.0029243247316192394
693,0.0007888324389034825,0.0021983991983070814
496,0.000788595194817035,0.0017282527305490351
221,0.0007876759068177277,0.0040310699477209885
654,0.0007866087598158331,0.0010737476666666666
64,0.0007790042065703402,0.0016995946965039802
188,0.0007771813377604221,0.005248148627476661
354,0.0007724902076129964,0.004160510409183722
55,0.0007721655233689957,0.0011906261594678109
660,0.0007707199480309241,0.0010737476666666666
672,0.0007703902003945926,0.0010737476666666664
106,0.0007701353612870058,0.0026157864386667077
278,0.0007685459153634242,0.0037584943748209735
294,0.0007681583415730538,0.0010737476666666666
58,0.0007680964995154784,0.0026859426045076867
510,0.0007658571322186268,0.0015298505595188357
277,0.0007646978191736724,0.001882330367939333
379,0.0007590753479623674,0.001404538473703374
88,0.0007583404995237562,0.0046454497563117245
282,0.0007447450332491596,0.0014325457180753322
437,0.0007446426283777855,0.0031071088150968675
40,0.0007441924740526145,0.0010737476666666664
481,0.0007409842968476111,0.0023267358402449933
461,0.0007383198255657624,0.00185353474739239
135,0.0007368254945053495,0.003708072592703105
211,0.0007345311581220118,0.0022537399778412336
634,0.000732802992321193,0.0027532824591840967
222,0.0007264314243069607,0.0018132859131432706
271,0.0007251453198974415,0.0028065887127903936
136,0.000724977679848984,0.0031167770783738853
478,0.0007230297717452435,0.002403223258917238
307,0.0007227556433329045,0.0010737476666666666
164,0.0007216172502302883,0.0022922856758766288
474,0.0007197883835024731,0.002958117210451055
476,0.0007160708345434161,0.002252455223243454
194,0.0007154061397793707,0.0016283486250266148
51,0.0007151410499974232,0.002555264656730506
111,0.0007125137680080766,0.002236100185814518
620,0.0007064045998431803,0.0017598363758754923
81,0.0007053510000441252,0.0025523911569150935
408,0.0007050786727075112,0.0018473217978058631
283,0.0007028161517862523,0.0010737476666666664
207,0.000702135809020208,0.0024259141216905165
613,0.0007017772976445948,0.0022736555222262166
104,0.0007013236875747123,0.0010737476666666669
61,0.0006963827397420255,0.0022014544705848504
696,0.0006957499615298336,0.003355794204531429
328,0.0006908469625732885,0.002150398885556399
48,0.0006868239747166928,0.002262604466274842
212,0.0006860656220872247,0.0010737476666666669
386,0.0006849179709707076,0.002425028079215456
312,0.0006772572236706883,0.0010737476666666666
31,0.0006685771316836416,0.0026944676159669574
79,0.0006536979134532023,0.0010737476666666669
514,0.0006388128380168949,0.002767146030158023
34,0.0006302824994142332,0.0049839355549930586
633,0.0006287799968169355,0.0019485404716854714
254,0.0006117029939897172,0.0018791684883898985
184b,0.0006067027210344774,0.0030753261037011555
83,0.0006047335098550261,0.0010737476666666666
585,0.0006003369697835547,0.001327234948016941
411,0.000600050668609253,0.0030074400927844053
119,0.0005884712818418586,0.0019318340075837649
475,0.0005536132752061334,0.0010737476666666666
429,0.0005206853445743894,0.0010737476666666664
105,0.0005169668715842242,0.0010737476666666664
644,0.00044351329097345896,0.0009777620788107904
