site,abs_diffsel,positive_diffsel,negative_diffsel,max_diffsel,min_diffsel
325,55.1936638857772,44.06495586574796,-11.12870802002923,5.143018624988156,-2.7339654480940894
613,42.929102931704136,8.486236288019521,-34.44286664368462,3.765673297346202,-3.7306443783132996
322,39.945134191009245,28.99917266330334,-10.945961527705899,5.228523137926302,-2.370565453697007
407,39.93957024720192,2.997157954411425,-36.9424122927905,2.997157954411425,-3.740539573422463
32,38.74938397403829,8.073620909816679,-30.675763064221616,4.982851739722372,-2.93852244693361
624,38.23088981251341,4.1587829435841766,-34.072106868929225,2.458046457589095,-3.2531738468324334
408,37.27161931229519,2.046859891238462,-35.22475942105673,2.046859891238462,-3.1098602631184473
432,36.643045298133096,0.0,-36.643045298133096,0.0,-3.49250414684826
110,36.623310646819334,4.496546033226016,-32.126764613593316,4.496490551014281,-3.501669870801846
77,36.55656055488411,0.0,-36.55656055488411,0.0,-4.624502674152214
625,36.36336041014262,0.0,-36.36336041014262,0.0,-3.428607435476474
49,36.22034325718661,2.401457643062622,-33.81888561412399,2.401457643062622,-2.977509079589214
31,36.07390533956274,6.780029173901463,-29.29387616566128,3.852853422590962,-3.7134238728899467
409,35.698331435873285,4.968320343952254,-30.730011091921025,3.039908919262543,-3.167606236986208
618,35.68095669415122,6.690666209786319,-28.990290484364902,4.509513994335699,-2.6543853771416783
594,35.500350936309175,1.6263902996311375,-33.873960636678035,1.6263902996311375,-4.035919823801961
33,34.91266730230148,3.18350128962506,-31.729166012676423,3.18350128962506,-2.9813528259072495
406,34.86290931762715,9.621041249731965,-25.24186806789518,3.5458234926156322,-2.4496062550819766
306,33.66087483303155,2.8785963312756246,-30.782278501755922,2.8785963312756246,-3.4586077336888463
80,33.52230679240662,3.006327672884205,-30.515979119522413,3.006327672884205,-2.9091482738240364
634,33.47789826700648,3.1032711956041434,-30.37462707140234,3.1032711956041434,-3.4635062485676444
240,33.32311869831939,6.608001416467687,-26.715117281851704,3.7355386115021347,-2.995217031023641
621,32.459533986989996,0.0,-32.459533986989996,0.0,-3.0774649192958137
620,32.065956812847155,2.450629866780151,-29.615326946067,2.450629866780151,-2.6690686556587
169,31.03009596636171,0.0,-31.03009596636171,0.0,-3.0384756136737976
109,31.029219591353183,0.0,-31.029219591353183,0.0,-3.3713758356915053
316,31.025273863292064,3.1373925887818053,-27.88788127451026,3.1373925887818053,-3.4107102344446414
413,31.022137808554447,7.618791540511941,-23.4033462680425,2.863484306047499,-3.083445908374133
295,30.973441026018165,3.662930565257114,-27.31051046076105,3.6625527854866085,-2.8337959891962416
84,30.312955814976483,5.5242466059954145,-24.788709208981068,5.523102456135637,-3.4734790161593105
81,30.11767041582394,0.0,-30.11767041582394,0.0,-3.313023107961306
648,29.965652971636477,4.230042596022193,-25.735610375614286,4.230042596022193,-2.516767480190003
216,29.80904401223356,3.1706781486403957,-26.638365863593165,3.1705946347730753,-3.038072236428815
629,29.644272919476848,5.224715130379209,-24.419557789097638,5.224715130379209,-2.9089017258522882
695,29.579175293713035,4.567459274784406,-25.01171601892863,4.567459274784406,-3.25221809327804
633,29.56953033881899,2.5546559635287895,-27.0148743752902,2.5546559635287895,-2.9784988031566226
207,29.345825684685366,0.0,-29.345825684685366,0.0,-3.259070318230724
135,29.315016894658445,0.0,-29.315016894658445,0.0,-2.74913665463609
60,29.061407350552642,0.0,-29.061407350552642,0.0,-4.373057867720887
401,29.048811649672594,3.5555452606911215,-25.49326638898147,3.5555452606911215,-2.287458658668996
117,29.012717046759562,0.0,-29.012717046759562,0.0,-3.226612906449411
132,28.825430457718056,13.53313898202389,-15.292291475694167,5.659476643066775,-1.8752302910254568
121,28.81094083142983,2.5382094979206813,-26.272731333509146,2.53734359099023,-3.1752226239067896
229,28.711801722936823,0.02491762481245104,-28.686884098124374,0.02491762481245104,-3.802535418310259
230,28.655410508207794,0.0,-28.655410508207794,0.0,-2.5802283889588593
609,28.598299978958604,16.163690581174773,-12.434609397783827,4.351723552310438,-2.359939324024922
221,28.401860450044392,0.0,-28.401860450044392,0.0,-2.8116781788761718
323,28.212792696654322,5.738183723008997,-22.474608973645328,2.9544146776657727,-2.26791055409489
308,28.196467926833858,0.0,-28.196467926833858,0.0,-3.1082925708286973
318,28.119280535496344,4.121080796737221,-23.998199738759123,4.120972759257403,-3.0396919238856057
63,28.07336235197827,0.0,-28.07336235197827,0.0,-3.0486853740191897
649,27.97717871757489,2.1332638239850903,-25.843914893589794,2.1332638239850903,-2.9247035418834177
644,27.95143711674128,8.078429630564768,-19.87300748617651,5.239475985515634,-2.623802956985364
268,27.929281493909812,0.0,-27.929281493909812,0.0,-2.666937413635622
57,27.810211278776904,0.0,-27.810211278776904,0.0,-2.873274582605814
632,27.70751265460865,4.34066682513361,-23.36684582947504,4.34066682513361,-3.510672484348727
133,27.65399142724554,6.645424218071222,-21.008567209174316,3.8567408608024603,-2.720073763111272
640,27.581107623669126,4.555357427563155,-23.025750196105967,4.555357427563155,-2.281597035185866
130,27.58033110283021,3.711233856089309,-23.869097246740903,3.711101547596212,-3.071410285760546
637,27.576688225438293,3.8890810525734985,-23.687607172864794,3.8890810525734985,-2.5512785781565777
341,27.569773397030605,8.940222663713628,-18.629550733316975,4.281042927592273,-2.773201047068929
241,27.53985203364224,0.0,-27.53985203364224,0.0,-3.175097968857337
402,27.448217983326074,0.0,-27.448217983326074,0.0,-2.548698303235983
106,27.424425094227892,0.0,-27.424425094227892,0.0,-3.064999586911915
464,27.32872716852617,1.9166249475841377,-25.41210222094203,1.9166249475841377,-2.4880234484261248
412,27.27649938725107,2.325262155135888,-24.951237232115183,2.325262155135888,-2.2376373635133926
82,27.24049126129296,2.850636168524141,-24.38985509276882,2.850636168524141,-2.523117186559615
405,27.20003265051705,8.208130620480041,-18.991902030037007,4.976172752681811,-2.30041886404538
62,27.192082764370213,0.0,-27.192082764370213,0.0,-3.3356953128737157
636,27.03495680402194,1.4777966572834258,-25.557160146738518,1.4777966572834258,-2.5886941871968037
638,27.011120125251097,3.1255575328486325,-23.885562592402465,3.122404091281461,-2.973964502252422
47,27.006281812321333,8.49966958912875,-18.50661222319258,3.7238668266046724,-3.341523443338351
138,26.864547057094324,6.1476203548967865,-20.71692670219753,6.143098924730347,-2.065867897724958
141,26.8171875226272,0.0,-26.8171875226272,0.0,-3.020593873768746
667,26.790807337620876,7.580382064751498,-19.210425272869383,4.096374437545106,-2.4941039214592373
166,26.566339764594478,0.0,-26.566339764594478,0.0,-2.7573699674208436
65,26.534175164006815,0.0,-26.534175164006815,0.0,-3.490375395975832
403,26.460704504209012,1.8633055821855702,-24.597398922023444,1.8633055821855702,-2.217577436394674
399,26.439565395195622,0.0,-26.439565395195622,0.0,-2.4162454186251843
85,26.001460603402744,0.0,-26.001460603402744,0.0,-2.4134203485639536
465,25.96897371412987,4.455140904414016,-21.513832809715854,4.455140904414016,-2.293851216955613
600,25.932233114020836,5.003040648541978,-20.929192465478856,3.196273200814385,-2.8461179002195154
252,25.917087135827078,6.791860910867497,-19.125226224959583,3.7386853592837848,-2.39365722500375
87,25.911023459533993,0.0,-25.911023459533993,0.0,-2.9155352680592292
184b,25.680764017819246,0.0,-25.680764017819246,0.0,-2.9789094485935745
340,25.55245688415301,7.3050220092719504,-18.247434874881062,4.240748890896546,-2.6455821665130292
430,25.42980833850534,3.9260262175599,-21.503782120945438,3.9238802099090577,-3.1188685160157315
616,25.387441322940237,0.0,-25.387441322940237,0.0,-2.44527489599053
513,25.276718441413536,9.535377180706575,-15.741341260706955,5.201805190461173,-2.2529001867875573
411,25.037220619424883,0.0,-25.037220619424883,0.0,-2.4013438178759388
99,24.90468975732956,3.1558307791925,-21.74885897813706,3.1558307791925,-2.210595196205248
88,24.78071641991305,0.0,-24.78071641991305,0.0,-2.8426215523895024
34,24.68319549213785,4.458795345374913,-20.224400146762935,4.457124555702771,-2.299577898678228
46,24.664840309105397,2.0515108615409585,-22.613329447564436,2.0515108615409585,-2.470489917850785
410,24.663113382657404,4.315156082923075,-20.34795729973433,4.315156082923075,-2.0520721847761734
184h,24.63026776704375,3.3953628596663212,-21.23490490737743,3.3953628596663212,-3.636588075747974
123,24.617072484329427,2.5344215399899794,-22.082650944339445,2.534098283992085,-2.7622122604131008
394,24.60194093416453,0.0,-24.60194093416453,0.0,-2.6035924425912356
433,24.58972753027714,3.505289123983894,-21.08443840629325,3.505289123983894,-2.863500698356171
656,24.581616033240305,0.0,-24.581616033240305,0.0,-2.813995500961316
664,24.526091966201207,0.0,-24.526091966201207,0.0,-3.6241456553704383
227,24.52119322243532,3.8642803161459187,-20.6569129062894,3.859951428108663,-3.165427948195213
118,24.514993973958056,0.0,-24.514993973958056,0.0,-3.2628586477425046
171,24.43696853327341,0.0,-24.43696853327341,0.0,-2.295329030697724
575,24.338199905466166,4.197903576032746,-20.140296329433422,4.191585091757139,-2.426640923000499
269,24.24858706457904,0.0,-24.24858706457904,0.0,-2.613799897931753
321,24.1586277269606,2.9441889113677515,-21.214438815592846,2.9441889113677515,-2.8224835967001587
271,24.064382971739004,7.609968088734665,-16.45441488300434,4.834723611026891,-2.7851592298653833
304,24.057220653614028,0.0,-24.057220653614028,0.0,-3.7467554667669636
440,23.990329905391032,10.5459249916961,-13.444404913694932,4.668344266249215,-1.993812274296962
140,23.946023406726834,4.7067370793635295,-19.239286327363303,4.704260396253131,-2.874489734302212
78,23.89907212711689,0.0,-23.89907212711689,0.0,-3.011888012442374
120,23.828179326514896,4.885159123598578,-18.943020202916315,3.3285765950558504,-3.0839888228169943
151,23.82496881809375,10.952365339404675,-12.872603478689076,5.07555793234473,-1.9722022018242495
254,23.758442924931273,1.6059717796487025,-22.152471145282576,1.6059717796487025,-3.375023602292235
293,23.742739199104168,5.279957990153839,-18.462781208950325,5.27870338181745,-2.3481104312943835
507,23.739998764095937,6.007002644787662,-17.732996119308275,3.8825111225162967,-2.723557574793653
630,23.68550937550947,0.0,-23.68550937550947,0.0,-2.656230104926112
58,23.61635542681178,0.0,-23.61635542681178,0.0,-3.1581167189137993
297,23.579438754033866,5.401444549000946,-18.17799420503292,5.3999289122135306,-2.658095388736597
641,23.57721589386952,0.0,-23.57721589386952,0.0,-2.899256730554963
327,23.5406972536439,14.546210061430981,-8.994487192212915,5.514242156728133,-1.701142368819243
639,23.37130261470463,5.989386389401652,-17.38191622530297,3.7088778366176403,-2.744095682669952
509,23.325301290334846,0.0,-23.325301290334846,0.0,-2.488875830501516
184f,23.31290368874755,2.8758160847380183,-20.43708760400953,2.8758160847380183,-2.2019842938420697
397,23.206081284197673,2.7753520429317766,-20.430729241265897,2.7753520429317766,-2.4397917644445366
184e,23.19728020558645,5.205486120512704,-17.991794085073746,2.836423904841361,-3.3895193838555246
102,23.13249754607781,3.35779800682504,-19.77469953925277,3.356708969263774,-3.354719774484277
462,23.09129781324568,2.814705999268954,-20.27659181397673,2.814705999268954,-2.142592652785767
698,23.08739212089713,2.3827629934770402,-20.70462912742009,2.3827629934770402,-2.8659609003942506
461,23.04972048018302,0.0,-23.04972048018302,0.0,-2.6038125077070715
234,23.034063462891204,0.0,-23.034063462891204,0.0,-2.350876065029448
446,22.98197367569609,6.641984260553382,-16.33998941514271,4.47743893141711,-1.905143580619089
611,22.96678215868376,3.2627992630456886,-19.703982895638074,3.2627992630456886,-2.653575184518179
514,22.94336813497557,4.4628728972601275,-18.480495237715445,4.100532072069807,-3.296877402907284
185,22.918048091353853,0.0,-22.918048091353853,0.0,-2.4871451084443525
358,22.889032479944042,5.155198366583648,-17.733834113360395,5.155198366583648,-2.0508646704003026
184d,22.87587871013397,5.214884986036432,-17.66099372409754,3.451718948543416,-2.068093902337005
699,22.863126577965353,5.04294529070667,-17.820181287258684,3.0206769651767695,-1.9480445695956674
184a,22.824682598721235,5.194832144010952,-17.629850454710283,5.193258455330544,-2.9552702233073314
504,22.790177317087597,4.289224823470688,-18.50095249361691,4.289224823470688,-2.095580343905563
112,22.78919749258053,3.533829040013513,-19.255368452567016,3.5312275798561887,-2.3842916721726874
212,22.677618232082104,10.324247537121929,-12.35337069496018,5.354433859266107,-3.074666894772717
278,22.618688172559313,9.997396798607838,-12.621291373951479,5.010939957346732,-2.1382328016709375
696,22.60886217484717,3.699177416584291,-18.90968475826288,3.6991056325724654,-3.662083215097102
328,22.54499898991798,3.4564518077021145,-19.088547182215866,3.4564518077021145,-2.6247470964996173
612,22.50298440710581,6.918160351804412,-15.5848240553014,3.8565576070257905,-2.0286947509614444
238,22.45743353355998,0.0,-22.45743353355998,0.0,-2.540637472572001
187,22.45605458782945,1.603470319491089,-20.85258426833836,1.603470319491089,-3.709790007015194
320,22.4497537439113,3.4092715897314747,-19.040482154179827,2.144177473461191,-2.5877065540500404
337,22.407025178177566,0.0,-22.407025178177566,0.0,-2.4790386509753195
210,22.321225689424686,0.0,-22.321225689424686,0.0,-3.8795849241172577
463,22.278545881625398,3.444648490331017,-18.83389739129438,2.742986874067555,-3.0155119893073765
113,22.077184178602533,0.0,-22.077184178602533,0.0,-3.009137486102291
243,22.073061053597595,5.449470132509448,-16.623590921088145,5.447952906382896,-2.1611753678118992
599,22.03105813058939,0.0,-22.03105813058939,0.0,-2.4874823374164126
373,21.935729782989153,0.0,-21.935729782989153,0.0,-2.8020165899346665
267,21.812346843560242,1.3414791270893098,-20.47086771647093,1.3414791270893098,-2.8902955730494595
471,21.794606557363192,0.0,-21.794606557363192,0.0,-2.277006647281376
626,21.762543393027613,4.592344207187535,-17.17019918584008,2.9495813253282535,-2.7702872578077393
184g,21.758339721691026,3.4823117785591147,-18.27602794313191,3.480989842483356,-2.2317729463839955
668,21.701456462537443,5.715282127972396,-15.986174334565048,5.7038188683330775,-2.160674611837704
274,21.691885221202007,7.824617844911882,-13.867267376290126,4.202216111395481,-2.295993775654656
270,21.660770906096573,4.6903709596852,-16.970399946411373,4.686686741052759,-3.992488456524504
687,21.647246799791393,9.446042740071844,-12.20120405971955,5.380578743839902,-1.8289731275950931
90,21.48520274961606,0.0,-21.48520274961606,0.0,-3.21016009528271
510,21.46362439295309,0.0,-21.46362439295309,0.0,-2.4533637148898326
652,21.34199469286844,4.471750982880735,-16.870243709987708,4.470375551596144,-1.892002998128576
244,21.160410703336535,5.773019616745196,-15.38739108659134,5.76592214015689,-2.7345302451982247
206,21.10892250222534,5.075679953114374,-16.033242549110966,5.0743973184737055,-2.5971274089447576
103,21.056756286106392,8.307124318729613,-12.749631967376779,5.240360573344496,-1.680790106833102
232,21.02511210729969,0.0,-21.02511210729969,0.0,-2.3507878339236106
275,21.00473126613096,5.160136605402314,-15.844594660728646,5.156941846571957,-3.008343966840976
564,20.94426606573882,3.3912557545563953,-17.553010311182422,3.390689359147669,-2.737848437036564
61,20.80559701337622,0.0,-20.80559701337622,0.0,-2.848906717847958
97,20.77047310253527,0.0,-20.77047310253527,0.0,-2.683463580776639
108,20.737561053666752,3.544984815040171,-17.192576238626582,3.5400881755149043,-3.297837434478284
178,20.65318409352442,3.9536148567042564,-16.699569236820164,3.9514762629694804,-3.082224365644234
351,20.611771125348014,3.0627793016600977,-17.548991823687917,3.0627793016600977,-1.971326078025118
188,20.554508654751636,5.089645258286341,-15.464863396465294,5.083706703311578,-2.1903273531195615
70,20.537263145089135,3.9325184887604543,-16.604744656328684,2.0784170831810136,-2.535447142735441
119,20.481613447305516,0.0,-20.481613447305516,0.0,-2.6518154830487517
657,20.448620684738792,0.0,-20.448620684738792,0.0,-3.3052794538447556
214,20.355246629803478,2.9369382309642194,-17.41830839883926,2.9349840852520486,-2.514454353015609
319,20.33118439835555,6.149307998581922,-14.181876399773625,6.130980378730584,-2.893087317680863
363,20.302941127527557,0.0,-20.302941127527557,0.0,-2.054940649199337
56,20.24757094075704,4.102933412601235,-16.144637528155805,4.096425687114615,-3.0667885704323874
589,20.20172133742097,0.0,-20.20172133742097,0.0,-2.6537238861488315
136,20.148219500036813,0.0,-20.148219500036813,0.0,-2.2031042333266524
420,20.13271726690889,8.676656272536267,-11.456060994372628,4.959891089855759,-1.8423934604237517
105,20.124920529634696,0.0,-20.124920529634696,0.0,-3.585626479526109
490,20.122852338250343,6.595865659122712,-13.526986679127628,3.8306950605590964,-1.481327750506491
186,20.028063860516333,0.0,-20.028063860516333,0.0,-3.1061040419516885
619,20.01306098575421,0.0,-20.01306098575421,0.0,-2.3061857656916502
347,19.910048804768227,0.0,-19.910048804768227,0.0,-1.8892030049541226
645,19.904030470955746,3.5698444859429936,-16.334185985012752,3.5682305599084376,-2.323694985573727
75,19.900283951487335,0.0,-19.900283951487335,0.0,-3.756070167535585
208,19.87424451582394,0.11334801417668916,-19.76089650164725,0.11334801417668916,-4.047349864048824
67,19.85884134383717,6.606681590295598,-13.252159753541573,6.572426448245033,-2.686340685908626
160,19.840688538717778,0.0,-19.840688538717778,0.0,-2.486933417071194
515,19.79907321467572,4.013349387609343,-15.785723827066374,2.1197346894810924,-2.5344552779030454
590,19.740806530749275,0.0,-19.740806530749275,0.0,-3.322316942542841
585,19.70702138978348,4.800502012669357,-14.906519377114133,4.800502012669357,-2.1286114707631008
372,19.70500790853396,0.0,-19.70500790853396,0.0,-2.513718539580366
290,19.671922037993646,5.484191067378456,-14.187730970615187,5.4784034425533195,-2.6005176364387044
569,19.63240178233281,8.721100218377739,-10.911301563955071,5.195906320111209,-2.5804103554106135
348,19.62874129679488,7.3241259303691,-12.304615366425779,3.694829967190201,-1.8476722661676288
443,19.55419839955055,0.0,-19.55419839955055,0.0,-2.4283931480508643
693,19.517685647364925,0.0,-19.517685647364925,0.0,-2.3674472384914553
362,19.46759355635628,0.0,-19.46759355635628,0.0,-2.000089996115383
702,19.4608740480085,0.0,-19.4608740480085,0.0,-2.331771032781475
581,19.436235314805817,0.37066072886909185,-19.065574585936726,0.37066072886909185,-2.700576894965896
266,19.318747036942014,4.143755944534782,-15.17499109240723,4.1401128917731915,-3.459230206587772
431,19.29870178686186,1.2600599967921278,-18.038641790069732,1.2600599967921278,-2.193706313269096
285,19.25340742099869,0.0,-19.25340742099869,0.0,-2.3032635354203066
51,19.25321628696249,0.0,-19.25321628696249,0.0,-2.906598881155851
665,19.20577302940238,0.0,-19.20577302940238,0.0,-2.8890840558708453
173,19.181114778969064,5.564475587481979,-13.616639191487089,5.55520494213128,-1.7632170850253026
246,19.141194784184286,0.0008979518780115334,-19.140296832306273,0.00022448796950288335,-2.390651831944965
647,19.109138371903406,4.046151885160202,-15.062986486743206,4.043913324048358,-2.6836835537292685
92,19.0964001752447,5.493125552438781,-13.603274622805923,5.490060174120301,-2.6179506909681964
255,19.0385475216275,0.0,-19.0385475216275,0.0,-3.6174228383506892
68,19.010325165185673,0.0,-19.010325165185673,0.0,-3.4917820145187304
302,18.995011781093094,0.0,-18.995011781093094,0.0,-2.584031463239149
79,18.990139868892673,4.519623764062003,-14.470516104830669,4.518815433718555,-3.3629606707027353
674,18.98089197147692,3.2780992767680006,-15.702792694708922,3.273817555988359,-2.5187426530236405
211,18.71053516122659,0.0,-18.71053516122659,0.0,-2.402476244229044
224,18.674829473144285,1.0844295784877935,-17.590399894656496,1.0798370571112663,-3.307943710473559
204,18.63796046944509,0.0,-18.63796046944509,0.0,-2.0718414442708384
692,18.553542737329465,3.932178429459187,-14.621364307870282,3.932033116843743,-1.8382602162843242
392,18.4986769694768,0.0,-18.4986769694768,0.0,-2.2287436955685758
114,18.474684238476787,0.0,-18.474684238476787,0.0,-2.120595891280242
152,18.454846675063397,0.0,-18.454846675063397,0.0,-2.734623077047768
289,18.328591868801688,3.886986224765021,-14.441605644036667,3.8847969338672845,-2.227484150777951
72,18.308979710162344,2.552074403791986,-15.756905306370356,2.5473194128067584,-2.1943880642992113
700,18.217997032370405,4.223221988139275,-13.99477504423113,4.22073716454559,-2.607891607539282
326,18.181089893263906,0.0,-18.181089893263906,0.0,-2.4009711124257973
231,18.156651719009144,6.0706982383230494,-12.085953480686092,3.753347457496124,-1.4461689265240407
694,18.15424572843869,3.6485181873750765,-14.505727541063612,3.644025149431549,-1.9494930403387103
95,18.145494943588393,5.7263843508033885,-12.419110592785001,3.5990308743283728,-3.726723166926312
315,18.132093876636176,3.9164192890907312,-14.21567458754544,3.9094696783000966,-2.486364843170525
303,18.09773790892043,5.3186628694525515,-12.77907503946788,5.313692706930743,-2.0010794726629353
161,18.059988598946102,0.0,-18.059988598946102,0.0,-3.70475771358653
429,17.886376878261725,0.0,-17.886376878261725,0.0,-2.8794088983766324
124,17.873101923431708,3.1618662490102167,-14.711235674421493,3.1618662490102167,-2.4742651206315314
444,17.792382247022786,5.973218889702529,-11.819163357320258,3.4882294203890165,-1.2548531113306598
195,17.785503239916295,5.013116558631667,-12.772386681284628,5.009495001913259,-2.4668780780092283
437,17.775879835314427,9.013512442006556,-8.762367393307873,4.746612382126345,-1.9964125604091936
396,17.76175516476033,2.5403591436605564,-15.221396021099775,2.539958886452121,-1.700085808701922
249,17.740051295620578,0.0,-17.740051295620578,0.0,-2.762032807080703
66,17.68088874325361,2.128188237800147,-15.552700505453464,2.12537857639857,-2.597306800619855
322a,17.636931931645634,9.030780240862596,-8.606151690783038,4.789775129318334,-1.7330486759813586
697,17.63371869081429,3.985990358027668,-13.64772833278662,3.957632624059954,-2.5316812467349594
213,17.58958649914512,0.0,-17.58958649914512,0.0,-2.5372792866681917
223,17.509586181459262,0.0,-17.509586181459262,0.0,-2.3791545028108803
172,17.455900584030157,7.63339110894686,-9.8225094750833,4.2665139166562085,-1.4803636754898861
344,17.44346210120664,0.0,-17.44346210120664,0.0,-2.436887726222741
343,17.318623971536688,0.0,-17.318623971536688,0.0,-2.5395088925720106
434,17.298077880926233,3.792492902659181,-13.505584978267049,3.7919504487871856,-3.0626123867093997
360,17.089845924386683,3.3687544701498884,-13.721091454236795,3.3656518203688375,-2.6477480859243303
115,17.052945033158167,0.0,-17.052945033158167,0.0,-2.7097062608880234
441,17.046965890047368,5.184556102911462,-11.862409787135904,5.174323635976331,-2.64762628239994
659,16.96827385033737,0.0,-16.96827385033737,0.0,-2.8122217477078335
426,16.901587357597947,0.0,-16.901587357597947,0.0,-2.7854619383266015
424,16.876928803874613,3.467508443160492,-13.40942036071412,3.4612325396206125,-1.99307790958312
369,16.708721093981204,0.0,-16.708721093981204,0.0,-2.5096757077789773
374,16.693519523874446,6.904696628443875,-9.78882289543057,4.302793254746562,-2.0873314816207933
91,16.685016935442018,0.0,-16.685016935442018,0.0,-2.269400924921219
524,16.671700193377646,0.0,-16.671700193377646,0.0,-1.7537157798307443
474,16.659162113959745,4.760133426382198,-11.899028687577546,4.752017473637015,-2.384048079387907
557,16.65295805110345,0.0,-16.65295805110345,0.0,-3.08730070616319
350,16.630084227585872,0.0,-16.630084227585872,0.0,-2.343589426407929
215,16.626404423938656,2.8212751964797538,-13.805129227458899,2.8152305411123493,-2.377000459411879
404,16.568074227060983,0.7287391546305688,-15.83933507243041,0.7287391546305688,-2.6581426037629794
357,16.548257583920503,6.560029819281508,-9.988227764638996,3.9688294979413046,-2.3759846384384073
48,16.383077068929637,0.0,-16.383077068929637,0.0,-2.585607505642759
245,16.349595339619565,0.0,-16.349595339619565,0.0,-4.094155497821994
658,16.329026911173003,0.0,-16.329026911173003,0.0,-3.3274034933496064
236,16.27642436950416,0.0,-16.27642436950416,0.0,-2.4978752850492425
155,16.252660391356883,0.0,-16.252660391356883,0.0,-1.9270776655303723
425,16.247806510649987,0.0,-16.247806510649987,0.0,-1.906851283176474
476,16.20652713051766,0.0,-16.20652713051766,0.0,-2.0727886711049663
273,16.14544874536665,0.0,-16.14544874536665,0.0,-2.3464366643027854
153,16.0761591235188,0.0,-16.0761591235188,0.0,-2.931646173944776
605,16.053267435039956,0.0,-16.053267435039956,0.0,-2.603236727303623
336,15.911051139087387,1.6322489659900274,-14.27880217309736,1.6317159718541214,-2.0742557406668074
355,15.879987529021562,0.0,-15.879987529021562,0.0,-1.847157633832709
384,15.824764478655169,0.0,-15.824764478655169,0.0,-2.4905995787799977
71,15.740845062312568,0.0,-15.740845062312568,0.0,-2.7265820954026885
688,15.666196109489878,0.0,-15.666196109489878,0.0,-2.558431047806145
577,15.54450122823911,0.613767586601503,-14.930733641637607,0.613767586601503,-3.3898372385448337
134,15.530374319814932,0.0,-15.530374319814932,0.0,-2.586250800771812
250,15.523733645046105,0.0,-15.523733645046105,0.0,-2.7242951740112655
573,15.507929679292237,0.0,-15.507929679292237,0.0,-2.9576440298865365
398,15.49467147769834,0.0,-15.49467147769834,0.0,-2.054173285944752
50,15.491468604948542,0.0,-15.491468604948542,0.0,-2.4183129968235866
192,15.432709749009623,3.923919349121035,-11.50879039988859,3.913930944715503,-1.7151051486633664
481,15.345984759069431,0.0,-15.345984759069431,0.0,-2.1691773208218996
189,15.306412797947058,0.0,-15.306412797947058,0.0,-2.6253279972406527
393,15.250360709513354,3.487095148124985,-11.763265561388367,3.4840983514630914,-2.513004543670643
553,15.233826343484855,4.775636941697307,-10.458189401787548,4.767258485066071,-3.0854186828668517
183,15.18098519678757,2.113709396099155,-13.067275800688414,2.1131882969637337,-2.136692264214285
689,15.15607976851139,5.125656429023016,-10.030423339488374,5.086989427995466,-2.869675551591362
219,15.076111009866388,2.319410428929478,-12.75670058093691,2.319410428929478,-4.1094662775850015
64,15.067961394287444,0.0,-15.067961394287444,0.0,-2.629046483022046
352,15.06761622467749,0.0,-15.06761622467749,0.0,-1.6947040354766312
339,15.014284259013733,0.0,-15.014284259013733,0.0,-1.7977105839184433
209,14.862478821412118,0.0,-14.862478821412118,0.0,-1.7664594563380476
534,14.85626168409552,2.5967762423583074,-12.259485441737212,2.5967762423583074,-2.7232182937235465
53,14.799766197224258,0.0,-14.799766197224258,0.0,-3.407684672753666
492,14.799511961847857,0.0,-14.799511961847857,0.0,-1.885930278406493
516,14.794013433375554,0.001094455834162124,-14.79291897754139,0.001094455834162124,-2.6265333879745967
312,14.783858187186086,0.0,-14.783858187186086,0.0,-3.042584873632939
287,14.782985326847347,0.0,-14.782985326847347,0.0,-2.3505943722474076
388,14.772492311673316,0.0,-14.772492311673316,0.0,-2.332710535752831
137,14.772179126645586,0.0,-14.772179126645586,0.0,-2.071301567502575
194,14.764749612412421,0.0,-14.764749612412421,0.0,-1.7664894906914608
142,14.748745654098421,0.0,-14.748745654098421,0.0,-2.4400855105249635
560,14.721911577327417,5.044319109457149,-9.677592467870268,5.030018894811018,-1.582579131613468
334,14.666630827834894,4.539799312170531,-10.126831515664364,2.5980496757262075,-1.532209392111245
502,14.611647320353272,1.9137397618190937,-12.697907558534178,1.9137397618190937,-6.078708479459599
184c,14.586494101263552,0.0,-14.586494101263552,0.0,-1.678991778233962
44,14.516832925297978,1.6821544338444214,-12.834678491453557,1.6821544338444214,-2.118607112466284
335,14.513891064134844,0.0,-14.513891064134844,0.0,-2.162115374056696
691,14.49810497606265,0.0,-14.49810497606265,0.0,-2.3748772141864736
617,14.440053066215446,0.0,-14.440053066215446,0.0,-2.9227347086135715
663,14.430123027082963,4.980013413368544,-9.450109613714421,4.9637591171445825,-2.578661110905599
475,14.422281662459705,0.0,-14.422281662459705,0.0,-3.17168582938109
485,14.381461849261818,0.0,-14.381461849261818,0.0,-1.9989151936527085
111,14.246302193224597,0.27079211692300503,-13.97551007630159,0.27079211692300503,-2.665924145467716
281,14.233792729570247,4.69445666714921,-9.539336062421036,4.344685991944685,-2.6274224803063517
76,14.156263233923546,0.0,-14.156263233923546,0.0,-3.9065705302122424
417,14.123708854072168,0.0,-14.123708854072168,0.0,-2.1687097185783
419,14.0317106519053,3.1507189507456674,-10.880991701159632,3.1469196420512704,-2.133251065789369
582,14.019365585023754,5.719173317398254,-8.300192267625501,2.974875140872893,-2.392320656060445
442,13.97316782793777,2.793068976073176,-11.180098851864594,2.773301063756074,-1.887854674519895
354,13.938961303895454,0.0,-13.938961303895454,0.0,-2.2326216857893737
565,13.936683663599704,0.0,-13.936683663599704,0.0,-2.6243556885561565
253,13.93469194782328,0.0,-13.93469194782328,0.0,-2.432281157685572
512,13.912730743111902,0.0,-13.912730743111902,0.0,-1.9192065850047977
690,13.892529842747676,4.0985057093669,-9.794024133380775,4.08644314706272,-2.0258893387039634
200,13.848660592192346,0.0,-13.848660592192346,0.0,-3.635636254021746
615,13.736739914316672,1.4755044286943462,-12.261235485622326,1.4751925928916365,-1.7908623102758408
263,13.718068033570447,7.118510536505135,-6.599557497065313,4.094698819219416,-1.759778341588094
300,13.687817958738476,0.0,-13.687817958738476,0.0,-2.776464419586068
701,13.637160668510742,4.138617935096974,-9.498542733413768,4.119816641166612,-2.1120100521812954
677,13.537057277416706,5.5272157161329964,-8.009841561283709,5.516605282749278,-1.5124104640739973
381,13.430249057244671,0.0,-13.430249057244671,0.0,-2.014672285426584
313,13.3795130647042,0.0,-13.3795130647042,0.0,-2.9059818798647292
94,13.329780921077798,0.0,-13.329780921077798,0.0,-2.833544698491449
86,13.324479422503224,0.0,-13.324479422503224,0.0,-2.316102057855356
233,13.294982964257343,7.9411780515431385,-5.353804912714204,4.181608296675939,-1.5605678312575157
89,13.261370713772937,0.030359871632014264,-13.231010842140922,0.030359871632014264,-2.732501529726672
500,13.24223260397787,0.0,-13.24223260397787,0.0,-2.0515801589426745
428,13.232548457880647,2.290134450073687,-10.94241400780696,1.5117036025518504,-2.07102679767282
607,13.170130300369365,0.0,-13.170130300369365,0.0,-2.2641625495669113
460,13.144066450517894,0.0,-13.144066450517894,0.0,-3.0650596430502377
101,13.092972901982007,0.0,-13.092972901982007,0.0,-4.012839810202799
415,13.086046694885367,0.0,-13.086046694885367,0.0,-1.6796680301096727
380,13.060505998240235,5.067550016728754,-7.9929559815114795,5.05471563426725,-2.1253005959743287
202,13.047220302234326,0.0,-13.047220302234326,0.0,-2.790393799354712
561,13.018521069167223,0.0,-13.018521069167223,0.0,-2.216672032405361
127,12.982447495785864,2.4455283330687063,-10.536919162717158,2.432787132128419,-2.1998136896067524
653,12.93200775887802,4.423236594229506,-8.508771164648513,4.417799251859674,-1.6521368204108646
217,12.886884265720361,0.0,-12.886884265720361,0.0,-2.8083461364567532
104,12.885173903610323,0.0,-12.885173903610323,0.0,-4.113037705947352
168,12.882318071627763,0.0,-12.882318071627763,0.0,-2.9669032283685746
222,12.826414603885866,0.0,-12.826414603885866,0.0,-2.8120001477615864
159,12.77858591881546,5.464316713742538,-7.3142692050729226,5.446490766792371,-1.9665730121296627
191,12.73120581420166,5.5455970104346015,-7.18560880376706,4.355645076010524,-1.6364751779290845
190,12.713620789816535,0.0,-12.713620789816535,0.0,-2.322786305744601
570,12.69446731785441,0.0,-12.69446731785441,0.0,-2.1389115331575854
37,12.583772012758514,0.0,-12.583772012758514,0.0,-2.5894735079700646
439,12.578900546208583,4.5703036737489,-8.008596872459682,4.556783844145915,-1.8241260506653978
197,12.568060803341668,0.0,-12.568060803341668,0.0,-2.0701628966020307
568,12.533283103168534,0.0,-12.533283103168534,0.0,-2.001121049852384
578,12.521970888521484,7.028524475580399,-5.493446412941084,4.532279290753268,-1.6985173319499163
386,12.516088060402826,0.0,-12.516088060402826,0.0,-1.8288960087722426
601,12.436974261374713,0.0,-12.436974261374713,0.0,-2.1354778805626284
595,12.383983764056188,2.4131373053749803,-9.970846458681208,2.404510029267172,-1.9599195085918133
519,12.382650821706777,0.0,-12.382650821706777,0.0,-1.9232567326289207
583,12.371054696268045,0.0,-12.371054696268045,0.0,-3.4523256662836124
478,12.37028419277198,0.4300115657172482,-11.94027262705473,0.4300115657172482,-2.2030485699246145
329,12.257459842732198,0.0,-12.257459842732198,0.0,-2.7922611588512614
684,12.234430025998023,0.13704595841869097,-12.097384067579332,0.13704595841869097,-2.896789891098967
671,12.22635941916492,0.0,-12.22635941916492,0.0,-2.33692481262924
377,12.212636378847154,0.0,-12.212636378847154,0.0,-1.6504464555000506
518,12.162860165355804,0.0,-12.162860165355804,0.0,-2.3822343814267617
264,12.160116915562226,0.26222269824555017,-11.897894217316674,0.26222269824555017,-2.2606614213653167
330,12.038177613915332,0.0,-12.038177613915332,0.0,-2.054024278830375
646,12.02200907380294,3.6878086705563478,-8.334200403246593,3.6561436034548898,-1.8144459267950657
98,11.916774682720868,0.0,-11.916774682720868,0.0,-3.2152347339014913
438,11.904216820779476,0.0,-11.904216820779476,0.0,-2.6299424850648037
83,11.898865911440092,0.0,-11.898865911440092,0.0,-1.6008778318967076
551,11.890226455833872,0.18737785647647653,-11.702848599357395,0.18737785647647653,-1.766543742686685
554,11.844265602535772,0.0,-11.844265602535772,0.0,-1.4862967967109526
276,11.773835496326356,0.026311936552673373,-11.747523559773683,0.026311936552673373,-1.6134134741098372
265,11.736887970568295,0.0,-11.736887970568295,0.0,-2.1239304823421143
332,11.636748415295393,0.0,-11.636748415295393,0.0,-1.5541756764477257
272,11.614842366514978,7.748911180292387,-3.8659311862225914,3.902530533685781,-1.162622158168569
505,11.482060030907514,3.8789822366693745,-7.6030777942381365,3.501186822033004,-1.7278334226480268
299,11.448573654721589,0.0,-11.448573654721589,0.0,-2.1431682190853625
686,11.388330089016387,0.0,-11.388330089016387,0.0,-1.9217385714355129
305,11.265527761369722,0.0,-11.265527761369722,0.0,-2.3313737309002773
650,11.249243478372376,0.0,-11.249243478372376,0.0,-3.0672246378210217
447,11.200561906814762,4.680752683825989,-6.519809222988772,4.664374400971122,-1.1354562383930766
655,11.172501984812406,0.0750260387377796,-11.097475946074624,0.0750260387377796,-2.195698760846379
382,11.160203306668942,3.1882588363902324,-7.971944470278708,3.1749521154953055,-1.7470291972205072
484,11.154731104783002,0.0,-11.154731104783002,0.0,-2.0717629955640597
301,11.150341578283491,0.0,-11.150341578283491,0.0,-1.5163437550443006
309,11.085756531791583,0.0,-11.085756531791583,0.0,-2.8553539319432115
284,11.07669615365892,0.0,-11.07669615365892,0.0,-2.3998873158006986
55,11.056066777013994,2.224606371891218,-8.831460405122776,1.2870786221348696,-2.0476768701691213
139,11.050554544445928,0.0,-11.050554544445928,0.0,-2.6575539781937443
356,11.028746228251412,0.0,-11.028746228251412,0.0,-1.6364629352339919
36,10.963551075377293,2.114983944057778,-8.848567131319516,2.1121290127316077,-4.273225858942499
282,10.950762620288263,0.22589350428625538,-10.724869116002008,0.22589350428625538,-2.0715004189786836
280,10.948089414922602,0.2559115569864491,-10.692177857936153,0.2559115569864491,-2.5363377790894983
286,10.907426822248327,4.665398307364751,-6.242028514883577,4.630647665399363,-3.4821879522677106
580,10.894746406134322,0.0,-10.894746406134322,0.0,-3.333804558757078
389,10.87328668808131,2.8942625964545967,-7.97902409162671,2.8837939356904934,-2.5947912141330485
170,10.822144440031318,0.0,-10.822144440031318,0.0,-2.4869599663164084
643,10.732723941244465,0.0,-10.732723941244465,0.0,-1.746918999441643
588,10.706677574608902,2.750131677208323,-7.95654589740058,2.7420344130031475,-1.5833430478801211
375,10.693061981572137,0.0,-10.693061981572137,0.0,-2.0540842540637145
154,10.666749319715434,0.0,-10.666749319715434,0.0,-2.071127284964308
596,10.62561198321474,2.9956659950618043,-7.629945988152935,2.9901236390610584,-1.8980064305160123
528,10.610281653760058,0.0,-10.610281653760058,0.0,-2.1677718129708725
164,10.495039033626739,0.0,-10.495039033626739,0.0,-1.3072955392887011
436,10.38778865530634,0.0,-10.38778865530634,0.0,-1.8506506597286578
41,10.385235166961458,0.0,-10.385235166961458,0.0,-2.3579421650729557
162,10.315946639291461,0.0,-10.315946639291461,0.0,-2.126874349748205
279,10.313223022018029,0.2864383900812755,-10.026784631936755,0.2864383900812755,-2.676064059069288
496,10.3091183098911,2.6460464937830794,-7.66307181610802,2.1678785165052283,-3.3624303485726257
225,10.291097657832466,3.9374212155809736,-6.353676442251492,3.91054907579741,-2.6213044434239783
546,10.278436317497587,0.0,-10.278436317497587,0.0,-1.7663632752300364
128,10.266184484285592,3.3547600035738263,-6.911424480711766,3.3332620412480627,-1.7403624439464938
508,10.25276194605378,0.0,-10.25276194605378,0.0,-1.318638942724223
414,10.238389439631385,6.460968724397399,-3.7774207152339865,3.952056743356648,-1.1217434995043152
365,10.232028787916787,0.0,-10.232028787916787,0.0,-1.692537362829028
218,10.122291818738688,4.93375552608753,-5.188536292651158,4.910606119962663,-2.4651157332774503
307,10.073235212944935,0.0,-10.073235212944935,0.0,-2.0101902888078604
364,10.052487455711633,0.0,-10.052487455711633,0.0,-2.2019350848822756
379,10.025560373305177,0.0,-10.025560373305177,0.0,-2.1129237820255615
567,10.017598838732447,3.446155532290575,-6.57144330644187,3.4224413855122604,-1.5825910860433248
198,9.973737258511054,0.0,-9.973737258511054,0.0,-1.7204444455427028
52,9.948506295831987,0.0,-9.948506295831987,0.0,-1.7856598127801961
116,9.898373364228648,0.500645353272313,-9.397728010956333,0.500645353272313,-2.546833776101532
543,9.823576098960718,0.0,-9.823576098960718,0.0,-1.4861201872682561
59,9.816448719926743,0.0,-9.816448719926743,0.0,-1.7174257129592194
466,9.781935560554915,3.8769433973980933,-5.904992163156823,3.8338232263046295,-0.9986700136416564
182,9.769510197302235,0.0,-9.769510197302235,0.0,-3.4111140339367028
277,9.76658751109252,0.0,-9.76658751109252,0.0,-1.5564531192643378
592,9.721718765152264,0.0,-9.721718765152264,0.0,-2.3990108168741737
38,9.664204434062247,0.0,-9.664204434062247,0.0,-2.0878214878018224
39,9.596010123342008,0.0,-9.596010123342008,0.0,-2.059254587508671
179,9.575568977581435,0.0,-9.575568977581435,0.0,-1.503470285646569
324,9.545419189259935,0.5668913475990168,-8.978527841660918,0.5022790906567333,-2.185408842871687
69,9.471953704840768,0.0,-9.471953704840768,0.0,-1.554561205655937
480,9.461053227588401,0.0,-9.461053227588401,0.0,-2.023652264653429
100,9.420142638257024,0.0,-9.420142638257024,0.0,-3.287846569938674
602,9.3611474200551,0.6399452299951319,-8.72120219005997,0.6399452299951319,-2.1043900010490524
283,9.339738639316069,0.0,-9.339738639316069,0.0,-2.2084435798855195
74,9.320607422043418,0.20862816584292868,-9.111979256200488,0.20862816584292868,-3.193342151944553
248,9.298543656426576,0.0,-9.298543656426576,0.0,-2.509890164811444
262,9.283118146807336,5.254526639635005,-4.02859150717233,5.22204098296329,-1.6464772997666584
520,9.189942816110547,0.0,-9.189942816110547,0.0,-2.060733682245129
494,9.176979999054785,4.628891431754257,-4.548088567300528,3.169634265496392,-2.0246842520655988
298,9.15704173144856,3.3958910589454105,-5.761150672503151,3.3828719214808154,-1.8508945382121311
260,9.147440836498765,0.24836677380343608,-8.899074062695329,0.24836677380343608,-1.7768653063575452
479,9.138911544305314,2.9192678379394525,-6.219643706365862,2.9104055099742743,-1.959087676837237
662,9.129331080059629,0.0,-9.129331080059629,0.0,-2.671434024573846
184,9.119363961221653,0.0,-9.119363961221653,0.0,-2.0349049069268794
491,9.028916823728238,0.0,-9.028916823728238,0.0,-1.9271423141473438
482,8.998856352755855,4.56571635691786,-4.433139995837996,4.540193650666691,-1.5008085551438493
548,8.994773411141798,0.0,-8.994773411141798,0.0,-1.654967518681323
383,8.964634935952507,0.0,-8.964634935952507,0.0,-2.2717160929320066
622,8.93857756612352,0.0,-8.93857756612352,0.0,-2.495555616866638
242,8.922724434446723,0.2620562639229987,-8.660668170523724,0.2620562639229987,-3.672139340261332
163,8.890236764997333,0.0,-8.890236764997333,0.0,-2.433592861203585
96,8.876270173103018,0.015551583392078159,-8.860718589710938,0.0022216547702968797,-2.0807018605917524
107,8.872125256170763,0.0,-8.872125256170763,0.0,-2.019326962921677
450,8.848005605963497,5.283227242326737,-3.5647783636367603,5.2419011405276095,-1.248677090457674
558,8.845678719869955,6.049934313226505,-2.7957444066434514,4.727303826131463,-0.7618202335191706
676,8.842586178738989,2.2768712118386345,-6.565714966900353,2.269474199007024,-1.7190204727125624
346,8.841329312598049,2.3962606528606543,-6.445068659737395,2.190700917462433,-1.8662319135843535
181,8.82257913068319,0.1693027863251553,-8.653276344358034,0.1693027863251553,-3.552996991014143
226,8.788984600083714,1.0488873340984681,-7.740097265985245,1.0488873340984681,-2.1240067550851878
539,8.777969418867295,4.706110433426942,-4.071858985440352,4.640404019826093,-1.0804333514538937
527,8.768507147585886,2.120612557090022,-6.647894590495864,2.11523658644054,-2.432421810211158
506,8.756498840257814,3.9087963056830577,-4.847702534574756,3.8622714413148205,-0.914649433489256
40,8.72591641064919,0.06936628359442801,-8.656550127054764,0.06936628359442801,-1.7921574793907369
203,8.713695438088749,0.0,-8.713695438088749,0.0,-1.7662267214885352
126,8.686896083238747,0.0,-8.686896083238747,0.0,-2.580329540563277
666,8.65510175974158,4.400071304318908,-4.255030455422671,4.381511779572175,-0.896221444884242
495,8.61257387541805,0.029534959081991753,-8.583038916336061,0.0026849962801810687,-1.7628497500827962
220,8.600297765669946,2.4461856295623536,-6.154112136107592,2.4379581102013286,-1.4889507882067035
175,8.54844083609882,1.1882706868293973,-7.360170149269423,0.8935284012421956,-2.5113286224028055
525,8.530531780089081,0.006766231773729581,-8.523765548315351,0.006766231773729581,-3.8964480722287367
43,8.474725811097194,3.7348430278067406,-4.7398827832904535,3.714910445693403,-2.0393933676294598
361,8.43784829864528,3.409844868768599,-5.028003429876682,3.397243780758486,-1.0849925870772734
453,8.407423662773798,0.0,-8.407423662773798,0.0,-1.8380310458169136
435,8.33070974705379,0.0,-8.33070974705379,0.0,-1.8859784745551496
586,8.294364105063964,0.0,-8.294364105063964,0.0,-1.4860281313536614
522,8.273348624775933,5.095936002349409,-3.1774126224265244,5.061909339977178,-0.8449035736120196
550,8.255993950605706,0.0,-8.255993950605706,0.0,-0.8486736352856142
201,8.195825785071621,3.0869548714290542,-5.108870913642567,3.076319174316502,-1.2620675242781074
545,8.14489251961747,0.0,-8.14489251961747,0.0,-1.5855642292139247
521,8.138055383500316,0.0,-8.138055383500316,0.0,-1.5777400163269646
559,8.137144352499991,0.0,-8.137144352499991,0.0,-3.580163901971295
454,8.115076367300327,4.1849361363034445,-3.9301402309968827,4.164568302922134,-1.2613370863853515
535,8.012924851843406,0.0,-8.012924851843406,0.0,-2.711178902548655
314,7.936212243938566,0.0,-7.936212243938566,0.0,-2.334028184100516
156,7.890601183498609,0.0,-7.890601183498609,0.0,-1.2634718453158258
542,7.875665132392449,0.0,-7.875665132392449,0.0,-1.9587485624100556
574,7.870237365512919,0.03438817286234478,-7.835849192650574,0.03438817286234478,-1.499898129299994
517,7.818627815236059,0.0,-7.818627815236059,0.0,-2.0075163056303427
459,7.8006034063863146,0.1988688841630535,-7.601734522223261,0.1988688841630535,-2.2790915245796635
448,7.74810590963287,0.0,-7.74810590963287,0.0,-1.3995483216986893
591,7.736266870872351,0.0,-7.736266870872351,0.0,-1.0249535116600024
499,7.696972014231426,3.161647923179816,-4.535324091051608,3.1386558377602496,-1.4835108200519445
177,7.657071334054403,0.36540519652588865,-7.291666137528513,0.36540519652588865,-1.6341879044304344
237,7.5865570702441785,2.34855191252617,-5.238005157718009,1.9951828630657125,-1.6852208224672418
294,7.511206037487127,0.0,-7.511206037487127,0.0,-2.0728086633759792
452,7.455966627193363,0.1470118959472205,-7.308954731246144,0.1470118959472205,-2.1123858550826657
483,7.27462093830545,0.0,-7.27462093830545,0.0,-1.4862507866740045
556,7.260166159288682,0.0,-7.260166159288682,0.0,-2.0006151090639204
247,7.220396233643802,0.0573332008842007,-7.163063032759601,0.0573332008842007,-3.143159064275175
258,7.208440287684215,0.0,-7.208440287684215,0.0,-2.298042856983426
451,7.163871698770425,1.95348473912879,-5.2103869596416335,1.95348473912879,-1.3779071363025615
359,7.143697163437922,2.846176364746393,-4.297520798691529,2.8309121483819473,-1.424975050451902
261,7.119752857971857,0.0,-7.119752857971857,0.0,-1.8049051120717297
477,7.083401110768801,0.48799299720109496,-6.595408113567706,0.48799299720109496,-1.4892761932111769
635,7.082404558853301,0.0,-7.082404558853301,0.0,-2.480788305014249
421,7.061956650258214,0.5872875714242991,-6.474669078833916,0.5872875714242991,-1.585623844904235
603,6.971518207026464,0.0,-6.971518207026464,0.0,-1.2703601906364494
672,6.967398410997929,0.0,-6.967398410997929,0.0,-1.7468479387186115
251,6.955488511048707,0.0,-6.955488511048707,0.0,-2.1897688449146977
317,6.952009713442374,0.0,-6.952009713442374,0.0,-1.814715499868593
670,6.909668243812225,0.2323973730376561,-6.677270870774571,0.2323973730376561,-1.5695646654955038
682,6.890037904355075,0.0,-6.890037904355075,0.0,-1.4287247120183388
395,6.812641610235243,0.0,-6.812641610235243,0.0,-1.623314609522175
593,6.72533822529657,0.5327673954804163,-6.1925708298161535,0.5327673954804163,-2.2021100587745637
423,6.7110687921248084,0.0,-6.7110687921248084,0.0,-1.7547221847591674
259,6.710334848675456,0.0,-6.710334848675456,0.0,-1.3047690964871186
467,6.68048846142743,0.0,-6.68048846142743,0.0,-2.5706471775945547
606,6.638406197027229,3.0902253603294385,-3.5481808366977905,3.0643948809060437,-1.1351552983478082
228,6.574312460057881,0.0,-6.574312460057881,0.0,-2.048259514168145
654,6.5499147933236985,0.0,-6.5499147933236985,0.0,-1.2566026996644437
563,6.492036591777206,0.0,-6.492036591777206,0.0,-1.6786472969015467
371,6.480954103206275,0.0,-6.480954103206275,0.0,-2.355445892496661
342,6.469459090105679,0.0,-6.469459090105679,0.0,-1.650267546216001
292,6.461069844503422,0.0,-6.461069844503422,0.0,-1.410961847698391
199,6.417684073899048,0.1629917508455131,-6.2546923230535345,0.1629917508455131,-1.3332240635963462
673,6.406683203393978,0.0,-6.406683203393978,0.0,-1.5517551722442038
174,6.39614352997156,0.0,-6.39614352997156,0.0,-1.8484148022261992
93,6.357882294627898,0.0,-6.357882294627898,0.0,-1.6980125160094586
42,6.30450675346741,1.9994113845973713,-4.305095368870038,1.9797362256502995,-1.319812858634208
367,6.265963205315204,0.25527738030310043,-6.010685825012104,0.25527738030310043,-3.410726736096751
333,6.125197924954702,0.361274147904307,-5.763923777050395,0.361274147904307,-2.6783128224825097
54,6.107742815138469,0.0,-6.107742815138469,0.0,-2.127122536842952
488,6.073882384310203,0.0,-6.073882384310203,0.0,-2.2227831365123643
455,5.971166538065561,0.0,-5.971166538065561,0.0,-1.7661596339283168
353,5.9441214150822805,0.0,-5.9441214150822805,0.0,-1.4858524266409248
167,5.89323440181775,2.5275909596100044,-3.3656434422077464,2.515839533210987,-1.136435212259115
296,5.847588058901888,0.0,-5.847588058901888,0.0,-2.7870013697746
487,5.830331457546523,4.466834007732054,-1.3634974498144683,3.584689656812038,-0.426768307803452
651,5.76759039833565,0.12907371517011793,-5.638516683165532,0.12907371517011793,-1.002445440694478
468,5.738934560465331,0.3870066817542489,-5.3519278787110816,0.3870066817542489,-1.7129079411943908
205,5.71895904676647,0.0,-5.71895904676647,0.0,-1.378884548756526
532,5.694015883858101,0.0,-5.694015883858101,0.0,-3.244468062532575
473,5.684045438382992,3.0212745334384534,-2.662770904944539,2.991451402975535,-0.7225952595198277
579,5.653101409134857,1.5428124747434635,-4.110288934391394,1.5420701637467387,-1.8655881362290763
257,5.633943349640389,0.0,-5.633943349640389,0.0,-2.3398861833817
256,5.606132664868548,0.0,-5.606132664868548,0.0,-2.1322291822686426
511,5.5702280981218575,1.127979955049737,-4.442248143072121,1.1008748246359765,-0.8446087652532301
291,5.531254837978101,0.0,-5.531254837978101,0.0,-1.7168669046214107
193,5.526579855700424,0.0,-5.526579855700424,0.0,-1.0003027509007951
176,5.514641812583049,0.0,-5.514641812583049,0.0,-1.7659330075020563
45,5.513133455397025,0.0,-5.513133455397025,0.0,-1.792178797717763
661,5.498642131392387,0.0,-5.498642131392387,0.0,-1.526683131290149
552,5.433017280929076,0.0,-5.433017280929076,0.0,-0.9587644491409779
642,5.3910732278519795,0.12202154097521298,-5.269051686876766,0.12202154097521298,-1.3200426545071928
385,5.370608031727436,0.0,-5.370608031727436,0.0,-1.9984364035093496
122,5.368614085843078,1.2810680078351675,-4.087546078007912,1.2810680078351675,-1.0405811765899415
493,5.367490642352549,0.0,-5.367490642352549,0.0,-1.6896154614589305
239,5.362525786799731,0.0,-5.362525786799731,0.0,-2.1595385772666225
416,5.337844779639896,0.0,-5.337844779639896,0.0,-1.6286866534582556
422,5.301321421648671,0.0,-5.301321421648671,0.0,-1.7662043144932609
675,5.280823421083263,0.0,-5.280823421083263,0.0,-1.5727517608034194
587,5.2635112595886415,0.0,-5.2635112595886415,0.0,-1.4858258904883734
608,5.237902200468022,0.04834014939494381,-5.189562051073079,0.04834014939494381,-1.6597312134453368
576,5.231112666584122,0.0,-5.231112666584122,0.0,-1.1378972368152924
331,5.146415173643713,3.4551678149451472,-1.6912473586985657,3.433308061287681,-0.641695157637922
623,5.122724886543263,0.8562081134649138,-4.266516773078349,0.479682902275154,-1.5371570600947007
456,5.103577313516233,0.0,-5.103577313516233,0.0,-0.9869603421296946
584,5.091074581041187,0.0,-5.091074581041187,0.0,-1.580104281661172
345,5.073081388210042,0.0,-5.073081388210042,0.0,-1.5678224930928986
165,5.0379717783175195,0.0,-5.0379717783175195,0.0,-1.637372295435891
683,4.960678917459536,0.0,-4.960678917459536,0.0,-2.323802710043104
489,4.903329153430671,0.0,-4.903329153430671,0.0,-2.4177649266796917
157,4.8644289673660515,0.18589098725408854,-4.678537980111963,0.18589098725408854,-1.2030184626792617
445,4.852043160553766,0.0,-4.852043160553766,0.0,-1.2018878840247262
180,4.8056376292205085,0.43664721304131865,-4.36899041617919,0.43664721304131865,-2.124711671732507
685,4.800429071131495,0.0,-4.800429071131495,0.0,-0.9779070560882581
501,4.743120586468182,0.0,-4.743120586468182,0.0,-1.948523930385963
349,4.722318434907131,0.0,-4.722318434907131,0.0,-1.1622148413943847
125,4.710972024907056,0.0,-4.710972024907056,0.0,-1.5277425985640594
628,4.674101307825657,0.16637611271024086,-4.507725195115415,0.16637611271024086,-0.5363632971973896
235,4.606625756166912,0.0,-4.606625756166912,0.0,-2.259342233910356
660,4.519558252342516,0.0,-4.519558252342516,0.0,-1.363853192519389
497,4.489049303785809,0.0,-4.489049303785809,0.0,-2.717050274897132
533,4.458947990524006,0.0,-4.458947990524006,0.0,-1.7878386946824945
678,4.444179067608391,0.0,-4.444179067608391,0.0,-1.0858634544566386
681,4.39121544605338,0.7086083835822538,-3.6826070624711265,0.7086083835822538,-1.1012635825856871
376,4.387081621592685,0.0,-4.387081621592685,0.0,-1.4263100776382565
131,4.324224549223324,0.0,-4.324224549223324,0.0,-2.5482965867355207
572,4.3095085731987535,0.0,-4.3095085731987535,0.0,-2.229257938203087
469,4.298706523280008,0.08842248137902606,-4.210284041900982,0.08842248137902606,-1.2910773684886099
387,4.255399008014097,0.0,-4.255399008014097,0.0,-1.7009024211184345
366,4.221800031656555,0.0,-4.221800031656555,0.0,-1.3646954263660502
627,4.208005434508068,2.449969396620723,-1.7580360378873439,2.1152545144953763,-0.36082696290699917
457,4.197785626713137,0.0,-4.197785626713137,0.0,-1.7284226696262641
391,4.182972553667423,0.0,-4.182972553667423,0.0,-1.3508472927894368
368,4.11643783105906,0.26273408967725576,-3.8537037413818043,0.26273408967725576,-1.7074298434571176
541,4.0489696738074805,0.0,-4.0489696738074805,0.0,-1.9362012826469135
73,3.998408618264239,0.0,-3.998408618264239,0.0,-2.284160330879962
530,3.947960079520919,0.6366200377023223,-3.3113400418185965,0.4301405524686154,-1.3559208866123875
597,3.873921931112796,0.09573353520855808,-3.7781883959042384,0.09573353520855808,-2.59245328181553
604,3.8707112857766677,0.0,-3.8707112857766677,0.0,-0.950314627135625
129,3.8644150348260844,0.0,-3.8644150348260844,0.0,-1.2676121467388886
288,3.7990813670759143,0.0,-3.7990813670759143,0.0,-1.8661593384888489
529,3.7305920580746688,0.0,-3.7305920580746688,0.0,-1.1377779242114434
470,3.729252281498524,0.0,-3.729252281498524,0.0,-1.3575698333524708
196,3.7140458615624072,0.0,-3.7140458615624072,0.0,-1.4460611184913876
544,3.6880804851495035,0.0,-3.6880804851495035,0.0,-1.3788308271990082
158,3.6784642208076708,0.01881230990667703,-3.659651910900993,0.0013437364219055024,-2.200290124747745
571,3.6782262978504856,0.6375040468180773,-3.040722251032408,0.3521331821345618,-1.5005597418454393
549,3.6087052134409543,0.0,-3.6087052134409543,0.0,-2.3576969895070086
378,3.5450376660399145,0.0,-3.5450376660399145,0.0,-2.323540453700706
35,3.4604979396481035,0.023515328650474177,-3.43698261099763,0.002612814294497131,-1.155244166997716
547,3.4501830258717163,0.0,-3.4501830258717163,0.0,-1.362813845406313
449,3.3753255349514357,0.0,-3.3753255349514357,0.0,-0.8263129631380525
531,3.2609034214171357,0.0,-3.2609034214171357,0.0,-1.424624896947615
555,3.21726908680687,0.0,-3.21726908680687,0.0,-1.2632457654015636
498,3.0517071858680054,0.0,-3.0517071858680054,0.0,-0.6153990556120275
598,3.025451342895513,0.0,-3.025451342895513,0.0,-1.6981458615127245
472,2.791673178812216,0.0,-2.791673178812216,0.0,-1.0238516435297755
370,2.7631723676116606,0.0,-2.7631723676116606,0.0,-0.890627282236992
536,2.745799795399933,0.0,-2.745799795399933,0.0,-0.8399030473568903
503,2.7221097727662786,0.2568116556456065,-2.465298117120672,0.23945890236426268,-1.219712101473801
486,2.7027828974405215,0.0,-2.7027828974405215,0.0,-0.7294132727601959
523,2.638285523702563,0.0,-2.638285523702563,0.0,-0.7537786964343289
538,2.606015861913369,1.0864180200420384,-1.519597841871331,0.8106040972923375,-0.7714659742824064
614,2.600557358207578,0.20445635506324575,-2.396101003144332,0.20445635506324575,-0.5689210821562494
669,2.440973551921131,0.7283422780474449,-1.7126312738736869,0.7283422780474449,-0.37139700945891346
338,2.232821834116769,0.0,-2.232821834116769,0.0,-0.7565625960013123
631,2.208984079316421,0.0,-2.208984079316421,0.0,-0.5758901902153086
390,2.152127407102604,0.0,-2.152127407102604,0.0,-0.9592179868280898
458,2.093650313641149,0.0,-2.093650313641149,0.0,-0.4074648208813228
526,2.065996732092638,0.0,-2.065996732092638,0.0,-0.6782516318320349
566,1.9261386689490516,0.0713760778584227,-1.854762591090629,0.0713760778584227,-0.48552351034907715
537,1.8088189295334591,0.7389240261294279,-1.069894903404031,0.7389240261294279,-0.33815455304371
680,1.8080542555875372,0.23337122458845347,-1.5746830309990838,0.1676633777381817,-0.5121191917304506
679,1.7662035878807578,0.0,-1.7662035878807578,0.0,-0.6545967658124692
562,1.7523933111560432,0.32377329225512513,-1.4286200189009182,0.32377329225512513,-0.6781878429339847
418,1.4783779228416685,0.2527664043216226,-1.2256115185200454,0.2527664043216226,-0.7811058398887691
610,1.4136323868326028,0.0,-1.4136323868326028,0.0,-0.8634659162156662
540,1.347424206382849,0.0,-1.347424206382849,0.0,-0.6602255055561792
427,0.964307448130476,0.0,-0.964307448130476,0.0,-0.4287434690398726
